time,t2m,longitude,latitude
2019-01-01 12:00:00,260.3238830566406,-25,70
2019-01-02 12:00:00,266.3153381347656,-25,70
2019-01-03 12:00:00,269.0118408203125,-25,70
2019-01-04 12:00:00,267.2087707519531,-25,70
2019-01-05 12:00:00,267.0788269042969,-25,70
2019-01-06 12:00:00,257.9140319824219,-25,70
2019-01-07 12:00:00,253.75567626953125,-25,70
2019-01-08 12:00:00,261.1239929199219,-25,70
2019-01-09 12:00:00,266.468017578125,-25,70
2019-01-10 12:00:00,252.23658752441406,-25,70
2019-01-11 12:00:00,256.74237060546875,-25,70
2019-01-12 12:00:00,252.7960968017578,-25,70
2019-01-13 12:00:00,248.62725830078125,-25,70
2019-01-14 12:00:00,248.20294189453125,-25,70
2019-01-15 12:00:00,248.42633056640625,-25,70
2019-01-16 12:00:00,250.8265838623047,-25,70
2019-01-17 12:00:00,251.7484588623047,-25,70
2019-01-18 12:00:00,253.5150146484375,-25,70
2019-01-19 12:00:00,258.2787780761719,-25,70
2019-01-20 12:00:00,257.59661865234375,-25,70
2019-01-21 12:00:00,259.0820617675781,-25,70
2019-01-22 12:00:00,260.0422058105469,-25,70
2019-01-23 12:00:00,264.03509521484375,-25,70
2019-01-24 12:00:00,262.4510192871094,-25,70
2019-01-25 12:00:00,262.1380615234375,-25,70
2019-01-26 12:00:00,255.4390869140625,-25,70
2019-01-27 12:00:00,255.079345703125,-25,70
2019-01-28 12:00:00,256.03643798828125,-25,70
2019-01-29 12:00:00,253.58740234375,-25,70
2019-01-30 12:00:00,250.7382049560547,-25,70
2019-01-31 12:00:00,249.72035217285156,-25,70
2019-02-01 12:00:00,249.87628173828125,-25,70
2019-02-02 12:00:00,250.91510009765625,-25,70
2019-02-03 12:00:00,252.6126251220703,-25,70
2019-02-04 12:00:00,256.4144287109375,-25,70
2019-02-05 12:00:00,253.8374481201172,-25,70
2019-02-06 12:00:00,256.24908447265625,-25,70
2019-02-07 12:00:00,256.2875061035156,-25,70
2019-02-08 12:00:00,251.55812072753906,-25,70
2019-02-09 12:00:00,252.69346618652344,-25,70
2019-02-10 12:00:00,250.7047119140625,-25,70
2019-02-11 12:00:00,250.48707580566406,-25,70
2019-02-12 12:00:00,255.27992248535156,-25,70
2019-02-13 12:00:00,257.8171691894531,-25,70
2019-02-14 12:00:00,257.7508850097656,-25,70
2019-02-15 12:00:00,255.6770477294922,-25,70
2019-02-16 12:00:00,252.39906311035156,-25,70
2019-02-17 12:00:00,251.51544189453125,-25,70
2019-02-18 12:00:00,253.3455352783203,-25,70
2019-02-19 12:00:00,254.45899963378906,-25,70
2019-02-20 12:00:00,260.93310546875,-25,70
2019-02-21 12:00:00,263.93292236328125,-25,70
2019-02-22 12:00:00,265.7015075683594,-25,70
2019-02-23 12:00:00,266.2920837402344,-25,70
2019-02-24 12:00:00,264.461181640625,-25,70
2019-02-25 12:00:00,263.7377014160156,-25,70
2019-02-26 12:00:00,265.8149719238281,-25,70
2019-02-27 12:00:00,263.56011962890625,-25,70
2019-02-28 12:00:00,262.0209045410156,-25,70
2019-03-01 12:00:00,255.42108154296875,-25,70
2019-03-02 12:00:00,254.6685028076172,-25,70
2019-03-03 12:00:00,258.13226318359375,-25,70
2019-03-04 12:00:00,253.32647705078125,-25,70
2019-03-05 12:00:00,253.4498748779297,-25,70
2019-03-06 12:00:00,253.16978454589844,-25,70
2019-03-07 12:00:00,253.604736328125,-25,70
2019-03-08 12:00:00,254.759765625,-25,70
2019-03-09 12:00:00,256.7427062988281,-25,70
2019-03-10 12:00:00,259.9991760253906,-25,70
2019-03-11 12:00:00,259.4461975097656,-25,70
2019-03-12 12:00:00,259.5400085449219,-25,70
2019-03-13 12:00:00,259.5791015625,-25,70
2019-03-14 12:00:00,260.8946533203125,-25,70
2019-03-15 12:00:00,258.6372375488281,-25,70
2019-03-16 12:00:00,256.8908386230469,-25,70
2019-03-17 12:00:00,255.2963409423828,-25,70
2019-03-18 12:00:00,258.7391662597656,-25,70
2019-03-19 12:00:00,255.9842529296875,-25,70
2019-03-20 12:00:00,252.9586639404297,-25,70
2019-03-21 12:00:00,248.607666015625,-25,70
2019-03-22 12:00:00,257.5811462402344,-25,70
2019-03-23 12:00:00,257.771240234375,-25,70
2019-03-24 12:00:00,257.1291198730469,-25,70
2019-03-25 12:00:00,257.8486328125,-25,70
2019-03-26 12:00:00,263.0933837890625,-25,70
2019-03-27 12:00:00,258.7041320800781,-25,70
2019-03-28 12:00:00,256.4675598144531,-25,70
2019-03-29 12:00:00,255.35215759277344,-25,70
2019-03-30 12:00:00,254.76812744140625,-25,70
2019-03-31 12:00:00,258.1317138671875,-25,70
2019-04-01 12:00:00,259.8025817871094,-25,70
2019-04-02 12:00:00,257.0303649902344,-25,70
2019-04-03 12:00:00,263.2996520996094,-25,70
2019-04-04 12:00:00,263.9912414550781,-25,70
2019-04-05 12:00:00,260.9981994628906,-25,70
2019-04-06 12:00:00,263.4129333496094,-25,70
2019-04-07 12:00:00,264.4464416503906,-25,70
2019-04-08 12:00:00,265.4914855957031,-25,70
2019-04-09 12:00:00,267.3577880859375,-25,70
2019-04-10 12:00:00,267.4416198730469,-25,70
2019-04-11 12:00:00,267.2891540527344,-25,70
2019-04-12 12:00:00,269.9175720214844,-25,70
2019-04-13 12:00:00,272.3642883300781,-25,70
2019-04-14 12:00:00,272.0545959472656,-25,70
2019-04-15 12:00:00,272.1326599121094,-25,70
2019-04-16 12:00:00,271.7126159667969,-25,70
2019-04-17 12:00:00,270.2964172363281,-25,70
2019-04-18 12:00:00,271.1328430175781,-25,70
2019-04-19 12:00:00,270.6731872558594,-25,70
2019-04-20 12:00:00,267.20831298828125,-25,70
2019-04-21 12:00:00,263.5969543457031,-25,70
2019-04-22 12:00:00,262.5,-25,70
2019-04-23 12:00:00,262.4472961425781,-25,70
2019-04-24 12:00:00,267.05120849609375,-25,70
2019-04-25 12:00:00,270.0818786621094,-25,70
2019-04-26 12:00:00,271.6914367675781,-25,70
2019-04-27 12:00:00,274.1453857421875,-25,70
2019-04-28 12:00:00,275.0975036621094,-25,70
2019-04-29 12:00:00,274.6180725097656,-25,70
2019-04-30 12:00:00,276.27374267578125,-25,70
2019-05-01 12:00:00,272.6689453125,-25,70
2019-05-02 12:00:00,266.65533447265625,-25,70
2019-05-03 12:00:00,266.5947570800781,-25,70
2019-05-04 12:00:00,270.0975036621094,-25,70
2019-05-05 12:00:00,268.56817626953125,-25,70
2019-05-06 12:00:00,270.44183349609375,-25,70
2019-05-07 12:00:00,269.1425476074219,-25,70
2019-05-08 12:00:00,266.9572448730469,-25,70
2019-05-09 12:00:00,266.7833557128906,-25,70
2019-05-10 12:00:00,266.1659240722656,-25,70
2019-05-11 12:00:00,266.2289733886719,-25,70
2019-05-12 12:00:00,267.8619384765625,-25,70
2019-05-13 12:00:00,268.45892333984375,-25,70
2019-05-14 12:00:00,271.7460021972656,-25,70
2019-05-15 12:00:00,273.246337890625,-25,70
2019-05-16 12:00:00,272.27337646484375,-25,70
2019-05-17 12:00:00,273.05059814453125,-25,70
2019-05-18 12:00:00,273.552734375,-25,70
2019-05-19 12:00:00,273.2646789550781,-25,70
2019-05-20 12:00:00,271.9822692871094,-25,70
2019-05-21 12:00:00,271.5971984863281,-25,70
2019-05-22 12:00:00,271.4439392089844,-25,70
2019-05-23 12:00:00,270.7659606933594,-25,70
2019-05-24 12:00:00,271.9294128417969,-25,70
2019-05-25 12:00:00,273.1163635253906,-25,70
2019-05-26 12:00:00,271.3779602050781,-25,70
2019-05-27 12:00:00,269.71380615234375,-25,70
2019-05-28 12:00:00,269.6468200683594,-25,70
2019-05-29 12:00:00,271.4071350097656,-25,70
2019-05-30 12:00:00,270.0567932128906,-25,70
2019-05-31 12:00:00,268.98284912109375,-25,70
2019-06-01 12:00:00,269.6187438964844,-25,70
2019-06-02 12:00:00,269.8827209472656,-25,70
2019-06-03 12:00:00,270.8308410644531,-25,70
2019-06-04 12:00:00,271.9334716796875,-25,70
2019-06-05 12:00:00,271.80218505859375,-25,70
2019-06-06 12:00:00,271.806640625,-25,70
2019-06-07 12:00:00,273.2187194824219,-25,70
2019-06-08 12:00:00,273.93011474609375,-25,70
2019-06-09 12:00:00,273.4092102050781,-25,70
2019-06-10 12:00:00,275.5929260253906,-25,70
2019-06-11 12:00:00,276.083984375,-25,70
2019-06-12 12:00:00,279.6665954589844,-25,70
2019-06-13 12:00:00,280.2953796386719,-25,70
2019-06-14 12:00:00,277.5104064941406,-25,70
2019-06-15 12:00:00,277.719970703125,-25,70
2019-06-16 12:00:00,276.98211669921875,-25,70
2019-06-17 12:00:00,275.0210876464844,-25,70
2019-06-18 12:00:00,274.61236572265625,-25,70
2019-06-19 12:00:00,274.0612487792969,-25,70
2019-06-20 12:00:00,274.93890380859375,-25,70
2019-06-21 12:00:00,275.4038391113281,-25,70
2019-06-22 12:00:00,275.4127502441406,-25,70
2019-06-23 12:00:00,275.84423828125,-25,70
2019-06-24 12:00:00,276.3689270019531,-25,70
2019-06-25 12:00:00,276.7904357910156,-25,70
2019-06-26 12:00:00,278.95855712890625,-25,70
2019-06-27 12:00:00,276.7256164550781,-25,70
2019-06-28 12:00:00,275.36383056640625,-25,70
2019-06-29 12:00:00,275.9841613769531,-25,70
2019-06-30 12:00:00,275.026611328125,-25,70
2019-07-01 12:00:00,274.6886291503906,-25,70
2019-07-02 12:00:00,275.37396240234375,-25,70
2019-07-03 12:00:00,276.1439514160156,-25,70
2019-07-04 12:00:00,275.7981872558594,-25,70
2019-07-05 12:00:00,276.79229736328125,-25,70
2019-07-06 12:00:00,275.9942321777344,-25,70
2019-07-07 12:00:00,276.5889587402344,-25,70
2019-07-08 12:00:00,275.9117431640625,-25,70
2019-07-09 12:00:00,273.9179382324219,-25,70
2019-07-10 12:00:00,274.0264587402344,-25,70
2019-07-11 12:00:00,275.7345275878906,-25,70
2019-07-12 12:00:00,276.1595764160156,-25,70
2019-07-13 12:00:00,277.8879699707031,-25,70
2019-07-14 12:00:00,277.4126892089844,-25,70
2019-07-15 12:00:00,278.1489562988281,-25,70
2019-07-16 12:00:00,277.69091796875,-25,70
2019-07-17 12:00:00,275.8164367675781,-25,70
2019-07-18 12:00:00,276.8119201660156,-25,70
2019-07-19 12:00:00,277.4173583984375,-25,70
2019-07-20 12:00:00,277.1835632324219,-25,70
2019-07-21 12:00:00,279.0709228515625,-25,70
2019-07-22 12:00:00,280.00054931640625,-25,70
2019-07-23 12:00:00,275.4490661621094,-25,70
2019-07-24 12:00:00,274.7240905761719,-25,70
2019-07-25 12:00:00,275.2469787597656,-25,70
2019-07-26 12:00:00,275.2137451171875,-25,70
2019-07-27 12:00:00,275.4259948730469,-25,70
2019-07-28 12:00:00,276.2139892578125,-25,70
2019-07-29 12:00:00,278.2589416503906,-25,70
2019-07-30 12:00:00,279.64996337890625,-25,70
2019-07-31 12:00:00,278.7671813964844,-25,70
2019-08-01 12:00:00,280.03948974609375,-25,70
2019-08-02 12:00:00,281.0368347167969,-25,70
2019-08-03 12:00:00,279.9179382324219,-25,70
2019-08-04 12:00:00,277.7550964355469,-25,70
2019-08-05 12:00:00,277.8194274902344,-25,70
2019-08-06 12:00:00,276.4233093261719,-25,70
2019-08-07 12:00:00,275.6028747558594,-25,70
2019-08-08 12:00:00,275.9783630371094,-25,70
2019-08-09 12:00:00,275.5540466308594,-25,70
2019-08-10 12:00:00,275.488525390625,-25,70
2019-08-11 12:00:00,275.6888427734375,-25,70
2019-08-12 12:00:00,275.18023681640625,-25,70
2019-08-13 12:00:00,274.79290771484375,-25,70
2019-08-14 12:00:00,274.74847412109375,-25,70
2019-08-15 12:00:00,275.1366271972656,-25,70
2019-08-16 12:00:00,274.77984619140625,-25,70
2019-08-17 12:00:00,274.4117126464844,-25,70
2019-08-18 12:00:00,274.635986328125,-25,70
2019-08-19 12:00:00,273.6600036621094,-25,70
2019-08-20 12:00:00,273.4317932128906,-25,70
2019-08-21 12:00:00,272.9430847167969,-25,70
2019-08-22 12:00:00,272.4235534667969,-25,70
2019-08-23 12:00:00,273.16851806640625,-25,70
2019-08-24 12:00:00,273.9923095703125,-25,70
2019-08-25 12:00:00,273.96673583984375,-25,70
2019-08-26 12:00:00,273.6357727050781,-25,70
2019-08-27 12:00:00,273.0990905761719,-25,70
2019-08-28 12:00:00,272.0659484863281,-25,70
2019-08-29 12:00:00,272.7126159667969,-25,70
2019-08-30 12:00:00,272.17559814453125,-25,70
2019-08-31 12:00:00,273.41766357421875,-25,70
2019-09-01 12:00:00,272.7570495605469,-25,70
2019-09-02 12:00:00,272.6072082519531,-25,70
2019-09-03 12:00:00,272.3726806640625,-25,70
2019-09-04 12:00:00,272.7203063964844,-25,70
2019-09-05 12:00:00,272.8280029296875,-25,70
2019-09-06 12:00:00,272.346923828125,-25,70
2019-09-07 12:00:00,271.3408508300781,-25,70
2019-09-08 12:00:00,271.224609375,-25,70
2019-09-09 12:00:00,269.7923583984375,-25,70
2019-09-10 12:00:00,268.2259216308594,-25,70
2019-09-11 12:00:00,269.22607421875,-25,70
2019-09-12 12:00:00,268.3607482910156,-25,70
2019-09-13 12:00:00,267.0636291503906,-25,70
2019-09-14 12:00:00,265.09423828125,-25,70
2019-09-15 12:00:00,264.81939697265625,-25,70
2019-09-16 12:00:00,267.4493408203125,-25,70
2019-09-17 12:00:00,267.4054870605469,-25,70
2019-09-18 12:00:00,269.3886413574219,-25,70
2019-09-19 12:00:00,268.40264892578125,-25,70
2019-09-20 12:00:00,268.1092834472656,-25,70
2019-09-21 12:00:00,269.6796569824219,-25,70
2019-09-22 12:00:00,274.4084777832031,-25,70
2019-09-23 12:00:00,274.70306396484375,-25,70
2019-09-24 12:00:00,275.3836669921875,-25,70
2019-09-25 12:00:00,275.5870056152344,-25,70
2019-09-26 12:00:00,273.3103332519531,-25,70
2019-09-27 12:00:00,272.9324645996094,-25,70
2019-09-28 12:00:00,273.9295959472656,-25,70
2019-09-29 12:00:00,275.0967712402344,-25,70
2019-09-30 12:00:00,272.0876159667969,-25,70
2019-10-01 12:00:00,268.7243347167969,-25,70
2019-10-02 12:00:00,268.5039978027344,-25,70
2019-10-03 12:00:00,269.52862548828125,-25,70
2019-10-04 12:00:00,271.3379211425781,-25,70
2019-10-05 12:00:00,271.34417724609375,-25,70
2019-10-06 12:00:00,272.3116760253906,-25,70
2019-10-07 12:00:00,271.3080749511719,-25,70
2019-10-08 12:00:00,270.7496643066406,-25,70
2019-10-09 12:00:00,268.82574462890625,-25,70
2019-10-10 12:00:00,265.99456787109375,-25,70
2019-10-11 12:00:00,264.8868103027344,-25,70
2019-10-12 12:00:00,265.1463317871094,-25,70
2019-10-13 12:00:00,264.8887023925781,-25,70
2019-10-14 12:00:00,264.6346130371094,-25,70
2019-10-15 12:00:00,266.4695739746094,-25,70
2019-10-16 12:00:00,267.0370178222656,-25,70
2019-10-17 12:00:00,264.5774841308594,-25,70
2019-10-18 12:00:00,265.3299865722656,-25,70
2019-10-19 12:00:00,266.1841125488281,-25,70
2019-10-20 12:00:00,264.1116943359375,-25,70
2019-10-21 12:00:00,260.4496154785156,-25,70
2019-10-22 12:00:00,256.81475830078125,-25,70
2019-10-23 12:00:00,255.72425842285156,-25,70
2019-10-24 12:00:00,258.3836975097656,-25,70
2019-10-25 12:00:00,263.31011962890625,-25,70
2019-10-26 12:00:00,268.3855895996094,-25,70
2019-10-27 12:00:00,269.41522216796875,-25,70
2019-10-28 12:00:00,265.0622253417969,-25,70
2019-10-29 12:00:00,263.7039794921875,-25,70
2019-10-30 12:00:00,262.4517517089844,-25,70
2019-10-31 12:00:00,261.3230285644531,-25,70
2019-11-01 12:00:00,260.1594543457031,-25,70
2019-11-02 12:00:00,261.76513671875,-25,70
2019-11-03 12:00:00,262.9299011230469,-25,70
2019-11-04 12:00:00,261.5436706542969,-25,70
2019-11-05 12:00:00,259.16607666015625,-25,70
2019-11-06 12:00:00,259.9091796875,-25,70
2019-11-07 12:00:00,261.6005859375,-25,70
2019-11-08 12:00:00,259.4930114746094,-25,70
2019-11-09 12:00:00,263.5279846191406,-25,70
2019-11-10 12:00:00,266.37738037109375,-25,70
2019-11-11 12:00:00,266.239501953125,-25,70
2019-11-12 12:00:00,266.0185852050781,-25,70
2019-11-13 12:00:00,264.639892578125,-25,70
2019-11-14 12:00:00,261.27935791015625,-25,70
2019-11-15 12:00:00,264.1671447753906,-25,70
2019-11-16 12:00:00,262.5,-25,70
2019-11-17 12:00:00,261.35845947265625,-25,70
2019-11-18 12:00:00,261.8858337402344,-25,70
2019-11-19 12:00:00,266.1950988769531,-25,70
2019-11-20 12:00:00,265.2127685546875,-25,70
2019-11-21 12:00:00,263.5002136230469,-25,70
2019-11-22 12:00:00,265.1997375488281,-25,70
2019-11-23 12:00:00,262.6734313964844,-25,70
2019-11-24 12:00:00,262.2663879394531,-25,70
2019-11-25 12:00:00,264.0881652832031,-25,70
2019-11-26 12:00:00,265.3239440917969,-25,70
2019-11-27 12:00:00,264.2593994140625,-25,70
2019-11-28 12:00:00,259.4040832519531,-25,70
2019-11-29 12:00:00,255.31483459472656,-25,70
2019-11-30 12:00:00,255.9670867919922,-25,70
2019-12-01 12:00:00,258.2255554199219,-25,70
2019-12-02 12:00:00,266.5333557128906,-25,70
2019-12-03 12:00:00,266.06427001953125,-25,70
2019-12-04 12:00:00,262.1868591308594,-25,70
2019-12-05 12:00:00,264.3908996582031,-25,70
2019-12-06 12:00:00,259.0656433105469,-25,70
2019-12-07 12:00:00,257.0722351074219,-25,70
2019-12-08 12:00:00,254.32850646972656,-25,70
2019-12-09 12:00:00,250.64854431152344,-25,70
2019-12-10 12:00:00,252.85565185546875,-25,70
2019-12-11 12:00:00,253.44073486328125,-25,70
2019-12-12 12:00:00,250.42498779296875,-25,70
2019-12-13 12:00:00,248.86643981933594,-25,70
2019-12-14 12:00:00,260.5843200683594,-25,70
2019-12-15 12:00:00,263.4023742675781,-25,70
2019-12-16 12:00:00,261.6105041503906,-25,70
2019-12-17 12:00:00,257.8081970214844,-25,70
2019-12-18 12:00:00,253.265625,-25,70
2019-12-19 12:00:00,253.9815216064453,-25,70
2019-12-20 12:00:00,254.7672119140625,-25,70
2019-12-21 12:00:00,254.9607391357422,-25,70
2019-12-22 12:00:00,252.26100158691406,-25,70
2019-12-23 12:00:00,257.1899108886719,-25,70
2019-12-24 12:00:00,260.8400573730469,-25,70
2019-12-25 12:00:00,261.4162902832031,-25,70
2019-12-26 12:00:00,255.43182373046875,-25,70
2019-12-27 12:00:00,259.7967834472656,-25,70
2019-12-28 12:00:00,260.8814392089844,-25,70
2019-12-29 12:00:00,257.3569641113281,-25,70
2019-12-30 12:00:00,259.2622375488281,-25,70
2019-12-31 12:00:00,262.3174743652344,-25,70
2020-01-01 12:00:00,256.3865661621094,-25,70
2020-01-02 12:00:00,250.818603515625,-25,70
2020-01-03 12:00:00,252.61602783203125,-25,70
2020-01-04 12:00:00,258.18853759765625,-25,70
2020-01-05 12:00:00,259.21929931640625,-25,70
2020-01-06 12:00:00,259.76629638671875,-25,70
2020-01-07 12:00:00,261.031982421875,-25,70
2020-01-08 12:00:00,259.8350830078125,-25,70
2020-01-09 12:00:00,254.521728515625,-25,70
2020-01-10 12:00:00,256.6034851074219,-25,70
2020-01-11 12:00:00,259.90130615234375,-25,70
2020-01-12 12:00:00,259.0587463378906,-25,70
2020-01-13 12:00:00,258.4606018066406,-25,70
2020-01-14 12:00:00,256.09991455078125,-25,70
2020-01-15 12:00:00,257.48321533203125,-25,70
2020-01-16 12:00:00,261.38543701171875,-25,70
2020-01-17 12:00:00,260.7904357910156,-25,70
2020-01-18 12:00:00,257.43536376953125,-25,70
2020-01-19 12:00:00,261.8423156738281,-25,70
2020-01-20 12:00:00,259.32275390625,-25,70
2020-01-21 12:00:00,255.0413055419922,-25,70
2020-01-22 12:00:00,258.7745666503906,-25,70
2020-01-23 12:00:00,255.87339782714844,-25,70
2020-01-24 12:00:00,255.5978546142578,-25,70
2020-01-25 12:00:00,258.3377990722656,-25,70
2020-01-26 12:00:00,262.1750793457031,-25,70
2020-01-27 12:00:00,264.0335998535156,-25,70
2020-01-28 12:00:00,262.4532775878906,-25,70
2020-01-29 12:00:00,259.9241638183594,-25,70
2020-01-30 12:00:00,257.87225341796875,-25,70
2020-01-31 12:00:00,255.7917022705078,-25,70
2020-02-01 12:00:00,254.7408905029297,-25,70
2020-02-02 12:00:00,256.07928466796875,-25,70
2020-02-03 12:00:00,253.64942932128906,-25,70
2020-02-04 12:00:00,255.1956024169922,-25,70
2020-02-05 12:00:00,258.1961975097656,-25,70
2020-02-06 12:00:00,261.78765869140625,-25,70
2020-02-07 12:00:00,264.5782775878906,-25,70
2020-02-08 12:00:00,261.2727966308594,-25,70
2020-02-09 12:00:00,261.8912048339844,-25,70
2020-02-10 12:00:00,262.6761169433594,-25,70
2020-02-11 12:00:00,258.95751953125,-25,70
2020-02-12 12:00:00,255.4341583251953,-25,70
2020-02-13 12:00:00,250.59983825683594,-25,70
2020-02-14 12:00:00,252.6691131591797,-25,70
2020-02-15 12:00:00,258.4928283691406,-25,70
2020-02-16 12:00:00,263.4016418457031,-25,70
2020-02-17 12:00:00,261.84857177734375,-25,70
2020-02-18 12:00:00,256.8234558105469,-25,70
2020-02-19 12:00:00,258.2267150878906,-25,70
2020-02-20 12:00:00,256.9054870605469,-25,70
2020-02-21 12:00:00,254.194580078125,-25,70
2020-02-22 12:00:00,250.764892578125,-25,70
2020-02-23 12:00:00,252.36595153808594,-25,70
2020-02-24 12:00:00,251.35072326660156,-25,70
2020-02-25 12:00:00,250.1925048828125,-25,70
2020-02-26 12:00:00,249.30706787109375,-25,70
2020-02-27 12:00:00,248.7049102783203,-25,70
2020-02-28 12:00:00,251.0344696044922,-25,70
2020-02-29 12:00:00,253.8638153076172,-25,70
2020-03-01 12:00:00,256.3106384277344,-25,70
2020-03-02 12:00:00,260.3263854980469,-25,70
2020-03-03 12:00:00,263.39495849609375,-25,70
2020-03-04 12:00:00,264.3554992675781,-25,70
2020-03-05 12:00:00,260.0064697265625,-25,70
2020-03-06 12:00:00,257.4525451660156,-25,70
2020-03-07 12:00:00,258.4496154785156,-25,70
2020-03-08 12:00:00,255.8658447265625,-25,70
2020-03-09 12:00:00,249.708740234375,-25,70
2020-03-10 12:00:00,251.20765686035156,-25,70
2020-03-11 12:00:00,250.4136199951172,-25,70
2020-03-12 12:00:00,249.4115753173828,-25,70
2020-03-13 12:00:00,247.4561767578125,-25,70
2020-03-14 12:00:00,248.69842529296875,-25,70
2020-03-15 12:00:00,249.2378692626953,-25,70
2020-03-16 12:00:00,250.61302185058594,-25,70
2020-03-17 12:00:00,252.8783416748047,-25,70
2020-03-18 12:00:00,253.6721954345703,-25,70
2020-03-19 12:00:00,254.63525390625,-25,70
2020-03-20 12:00:00,260.7228698730469,-25,70
2020-03-21 12:00:00,259.6407470703125,-25,70
2020-03-22 12:00:00,256.1755676269531,-25,70
2020-03-23 12:00:00,258.8534851074219,-25,70
2020-03-24 12:00:00,257.20269775390625,-25,70
2020-03-25 12:00:00,255.38157653808594,-25,70
2020-03-26 12:00:00,259.51544189453125,-25,70
2020-03-27 12:00:00,255.498779296875,-25,70
2020-03-28 12:00:00,260.73333740234375,-25,70
2020-03-29 12:00:00,267.8627624511719,-25,70
2020-03-30 12:00:00,268.2120361328125,-25,70
2020-03-31 12:00:00,261.23931884765625,-25,70
2020-04-01 12:00:00,256.0702209472656,-25,70
2020-04-02 12:00:00,258.7918395996094,-25,70
2020-04-03 12:00:00,254.24652099609375,-25,70
2020-04-04 12:00:00,250.5580291748047,-25,70
2020-04-05 12:00:00,252.70713806152344,-25,70
2020-04-06 12:00:00,260.5626525878906,-25,70
2020-04-07 12:00:00,261.42974853515625,-25,70
2020-04-08 12:00:00,258.963134765625,-25,70
2020-04-09 12:00:00,259.285888671875,-25,70
2020-04-10 12:00:00,262.0944519042969,-25,70
2020-04-11 12:00:00,260.0279235839844,-25,70
2020-04-12 12:00:00,262.5068664550781,-25,70
2020-04-13 12:00:00,268.15679931640625,-25,70
2020-04-14 12:00:00,263.05584716796875,-25,70
2020-04-15 12:00:00,262.8248596191406,-25,70
2020-04-16 12:00:00,264.8837890625,-25,70
2020-04-17 12:00:00,269.9127197265625,-25,70
2020-04-18 12:00:00,268.4801940917969,-25,70
2020-04-19 12:00:00,265.5779113769531,-25,70
2020-04-20 12:00:00,268.4090881347656,-25,70
2020-04-21 12:00:00,270.1650085449219,-25,70
2020-04-22 12:00:00,271.1150207519531,-25,70
2020-04-23 12:00:00,271.75323486328125,-25,70
2020-04-24 12:00:00,270.77484130859375,-25,70
2020-04-25 12:00:00,269.603271484375,-25,70
2020-04-26 12:00:00,269.2578430175781,-25,70
2020-04-27 12:00:00,269.7158508300781,-25,70
2020-04-28 12:00:00,272.2961120605469,-25,70
2020-04-29 12:00:00,269.4913024902344,-25,70
2020-04-30 12:00:00,265.4388122558594,-25,70
2020-05-01 12:00:00,264.0632019042969,-25,70
2020-05-02 12:00:00,264.96453857421875,-25,70
2020-05-03 12:00:00,265.2543640136719,-25,70
2020-05-04 12:00:00,268.6801452636719,-25,70
2020-05-05 12:00:00,266.2981872558594,-25,70
2020-05-06 12:00:00,266.3722839355469,-25,70
2020-05-07 12:00:00,265.2033386230469,-25,70
2020-05-08 12:00:00,262.0876770019531,-25,70
2020-05-09 12:00:00,263.18499755859375,-25,70
2020-05-10 12:00:00,266.8132019042969,-25,70
2020-05-11 12:00:00,264.6518859863281,-25,70
2020-05-12 12:00:00,269.3139343261719,-25,70
2020-05-13 12:00:00,268.9839782714844,-25,70
2020-05-14 12:00:00,268.4854431152344,-25,70
2020-05-15 12:00:00,267.1042175292969,-25,70
2020-05-16 12:00:00,270.54833984375,-25,70
2020-05-17 12:00:00,269.0435791015625,-25,70
2020-05-18 12:00:00,269.7257385253906,-25,70
2020-05-19 12:00:00,269.134765625,-25,70
2020-05-20 12:00:00,268.0304870605469,-25,70
2020-05-21 12:00:00,268.9352722167969,-25,70
2020-05-22 12:00:00,271.61083984375,-25,70
2020-05-23 12:00:00,270.2623596191406,-25,70
2020-05-24 12:00:00,268.6287841796875,-25,70
2020-05-25 12:00:00,269.8689880371094,-25,70
2020-05-26 12:00:00,270.3957824707031,-25,70
2020-05-27 12:00:00,269.8947448730469,-25,70
2020-05-28 12:00:00,271.4751281738281,-25,70
2020-05-29 12:00:00,272.6559143066406,-25,70
2020-05-30 12:00:00,272.2489929199219,-25,70
2020-05-31 12:00:00,271.2604064941406,-25,70
2020-06-01 12:00:00,272.2685241699219,-25,70
2020-06-02 12:00:00,272.60162353515625,-25,70
2020-06-03 12:00:00,272.5468444824219,-25,70
2020-06-04 12:00:00,270.96875,-25,70
2020-06-05 12:00:00,269.3728942871094,-25,70
2020-06-06 12:00:00,269.0028991699219,-25,70
2020-06-07 12:00:00,270.6689453125,-25,70
2020-06-08 12:00:00,270.7917785644531,-25,70
2020-06-09 12:00:00,273.5027770996094,-25,70
2020-06-10 12:00:00,274.730224609375,-25,70
2020-06-11 12:00:00,273.1995544433594,-25,70
2020-06-12 12:00:00,272.5290222167969,-25,70
2020-06-13 12:00:00,271.09716796875,-25,70
2020-06-14 12:00:00,271.8002014160156,-25,70
2020-06-15 12:00:00,272.3544006347656,-25,70
2020-06-16 12:00:00,272.1884765625,-25,70
2020-06-17 12:00:00,272.01483154296875,-25,70
2020-06-18 12:00:00,275.0107116699219,-25,70
2020-06-19 12:00:00,274.4070129394531,-25,70
2020-06-20 12:00:00,275.1729736328125,-25,70
2020-06-21 12:00:00,276.0030822753906,-25,70
2020-06-22 12:00:00,275.962646484375,-25,70
2020-06-23 12:00:00,274.9186096191406,-25,70
2020-06-24 12:00:00,273.74224853515625,-25,70
2020-06-25 12:00:00,274.1058044433594,-25,70
2020-06-26 12:00:00,273.748779296875,-25,70
2020-06-27 12:00:00,275.2409973144531,-25,70
2020-06-28 12:00:00,275.4886474609375,-25,70
2020-06-29 12:00:00,275.6675720214844,-25,70
2020-06-30 12:00:00,277.2209777832031,-25,70
2020-07-01 12:00:00,277.7738342285156,-25,70
2020-07-02 12:00:00,277.4576721191406,-25,70
2020-07-03 12:00:00,275.623291015625,-25,70
2020-07-04 12:00:00,276.1041564941406,-25,70
2020-07-05 12:00:00,274.5169372558594,-25,70
2020-07-06 12:00:00,274.3581237792969,-25,70
2020-07-07 12:00:00,274.708251953125,-25,70
2020-07-08 12:00:00,276.2291259765625,-25,70
2020-07-09 12:00:00,275.93475341796875,-25,70
2020-07-10 12:00:00,275.4856872558594,-25,70
2020-07-11 12:00:00,273.2996520996094,-25,70
2020-07-12 12:00:00,273.5005798339844,-25,70
2020-07-13 12:00:00,273.731201171875,-25,70
2020-07-14 12:00:00,273.93524169921875,-25,70
2020-07-15 12:00:00,274.0845031738281,-25,70
2020-07-16 12:00:00,275.123046875,-25,70
2020-07-17 12:00:00,275.56585693359375,-25,70
2020-07-18 12:00:00,275.6398010253906,-25,70
2020-07-19 12:00:00,274.9417724609375,-25,70
2020-07-20 12:00:00,275.14263916015625,-25,70
2020-07-21 12:00:00,273.2867126464844,-25,70
2020-07-22 12:00:00,273.3862609863281,-25,70
2020-07-23 12:00:00,273.70819091796875,-25,70
2020-07-24 12:00:00,273.237548828125,-25,70
2020-07-25 12:00:00,273.9595947265625,-25,70
2020-07-26 12:00:00,274.359375,-25,70
2020-07-27 12:00:00,274.78424072265625,-25,70
2020-07-28 12:00:00,274.98468017578125,-25,70
2020-07-29 12:00:00,273.083251953125,-25,70
2020-07-30 12:00:00,273.8923645019531,-25,70
2020-07-31 12:00:00,274.4486083984375,-25,70
2020-08-01 12:00:00,275.7608642578125,-25,70
2020-08-02 12:00:00,275.19293212890625,-25,70
2020-08-03 12:00:00,274.17047119140625,-25,70
2020-08-04 12:00:00,274.27435302734375,-25,70
2020-08-05 12:00:00,275.0445556640625,-25,70
2020-08-06 12:00:00,275.2940368652344,-25,70
2020-08-07 12:00:00,275.0346374511719,-25,70
2020-08-08 12:00:00,275.2630615234375,-25,70
2020-08-09 12:00:00,273.5882263183594,-25,70
2020-08-10 12:00:00,274.6959228515625,-25,70
2020-08-11 12:00:00,274.28021240234375,-25,70
2020-08-12 12:00:00,273.15283203125,-25,70
2020-08-13 12:00:00,273.82928466796875,-25,70
2020-08-14 12:00:00,272.6517333984375,-25,70
2020-08-15 12:00:00,273.0084533691406,-25,70
2020-08-16 12:00:00,275.1241455078125,-25,70
2020-08-17 12:00:00,277.6451110839844,-25,70
2020-08-18 12:00:00,274.3655700683594,-25,70
2020-08-19 12:00:00,274.5739440917969,-25,70
2020-08-20 12:00:00,276.1053161621094,-25,70
2020-08-21 12:00:00,275.5238952636719,-25,70
2020-08-22 12:00:00,276.1496276855469,-25,70
2020-08-23 12:00:00,275.2012634277344,-25,70
2020-08-24 12:00:00,275.2090759277344,-25,70
2020-08-25 12:00:00,275.0614013671875,-25,70
2020-08-26 12:00:00,274.64276123046875,-25,70
2020-08-27 12:00:00,274.7678527832031,-25,70
2020-08-28 12:00:00,274.3355407714844,-25,70
2020-08-29 12:00:00,273.4531555175781,-25,70
2020-08-30 12:00:00,273.8060302734375,-25,70
2020-08-31 12:00:00,273.3709716796875,-25,70
2020-09-01 00:00:00,,-25,70
2020-09-02 00:00:00,,-25,70
2020-09-03 00:00:00,,-25,70
2020-09-04 00:00:00,,-25,70
2020-09-05 00:00:00,,-25,70
2020-09-06 00:00:00,,-25,70
2020-09-07 00:00:00,,-25,70
2020-09-08 00:00:00,,-25,70
2020-09-09 00:00:00,,-25,70
2020-09-10 00:00:00,,-25,70
2020-09-11 00:00:00,,-25,70
2020-09-12 00:00:00,,-25,70
2020-09-13 00:00:00,,-25,70
2020-09-14 00:00:00,,-25,70
2020-09-15 00:00:00,,-25,70
2020-09-16 00:00:00,,-25,70
2020-09-17 00:00:00,,-25,70
2020-09-18 00:00:00,,-25,70
2020-09-19 00:00:00,,-25,70
2020-09-20 00:00:00,,-25,70
2020-09-21 00:00:00,,-25,70
2020-09-22 00:00:00,,-25,70
2020-09-23 00:00:00,,-25,70
2020-09-24 00:00:00,,-25,70
2020-09-25 00:00:00,,-25,70
2020-09-26 00:00:00,,-25,70
2020-09-27 00:00:00,,-25,70
2020-09-28 00:00:00,,-25,70
2020-09-29 00:00:00,,-25,70
2020-09-30 00:00:00,,-25,70
2020-10-01 12:00:00,267.3411865234375,-25,70
2020-10-02 12:00:00,267.05352783203125,-25,70
2020-10-03 12:00:00,269.77374267578125,-25,70
2020-10-04 12:00:00,271.2613830566406,-25,70
2020-10-05 12:00:00,270.19171142578125,-25,70
2020-10-06 12:00:00,272.5526123046875,-25,70
2020-10-07 12:00:00,271.820068359375,-25,70
2020-10-08 12:00:00,272.8777160644531,-25,70
2020-10-09 12:00:00,270.39752197265625,-25,70
2020-10-10 12:00:00,268.3342590332031,-25,70
2020-10-11 12:00:00,268.59503173828125,-25,70
2020-10-12 12:00:00,268.2823791503906,-25,70
2020-10-13 12:00:00,272.74658203125,-25,70
2020-10-14 12:00:00,271.211181640625,-25,70
2020-10-15 12:00:00,272.6657409667969,-25,70
2020-10-16 12:00:00,269.97991943359375,-25,70
2020-10-17 12:00:00,266.5290222167969,-25,70
2020-10-18 12:00:00,266.1828918457031,-25,70
2020-10-19 12:00:00,263.6133728027344,-25,70
2020-10-20 12:00:00,262.443603515625,-25,70
2020-10-21 12:00:00,263.3321838378906,-25,70
2020-10-22 12:00:00,264.79547119140625,-25,70
2020-10-23 12:00:00,264.5894775390625,-25,70
2020-10-24 12:00:00,265.8257751464844,-25,70
2020-10-25 12:00:00,265.1767272949219,-25,70
2020-10-26 12:00:00,263.1777648925781,-25,70
2020-10-27 12:00:00,262.15472412109375,-25,70
2020-10-28 12:00:00,263.1051025390625,-25,70
2020-10-29 12:00:00,261.150146484375,-25,70
2020-10-30 12:00:00,264.2753601074219,-25,70
2020-10-31 12:00:00,265.7041931152344,-25,70
2020-11-01 12:00:00,267.156005859375,-25,70
2020-11-02 12:00:00,269.5828857421875,-25,70
2020-11-03 12:00:00,267.1797790527344,-25,70
2020-11-04 12:00:00,265.2722473144531,-25,70
2020-11-05 12:00:00,263.3572082519531,-25,70
2020-11-06 12:00:00,260.6709289550781,-25,70
2020-11-07 12:00:00,261.3601989746094,-25,70
2020-11-08 12:00:00,261.4198913574219,-25,70
2020-11-09 12:00:00,263.5218505859375,-25,70
2020-11-10 12:00:00,265.2033386230469,-25,70
2020-11-11 12:00:00,262.1980285644531,-25,70
2020-11-12 12:00:00,258.1767883300781,-25,70
2020-11-13 12:00:00,259.0663757324219,-25,70
2020-11-14 12:00:00,257.2650451660156,-25,70
2020-11-15 12:00:00,255.93263244628906,-25,70
2020-11-16 12:00:00,253.04742431640625,-25,70
2020-11-17 12:00:00,254.06402587890625,-25,70
2020-11-18 12:00:00,259.1194763183594,-25,70
2020-11-19 12:00:00,259.8669738769531,-25,70
2020-11-20 12:00:00,258.6698913574219,-25,70
2020-11-21 12:00:00,260.284423828125,-25,70
2020-11-22 12:00:00,257.4698181152344,-25,70
2020-11-23 12:00:00,256.21710205078125,-25,70
2020-11-24 12:00:00,255.9146270751953,-25,70
2020-11-25 12:00:00,256.1740417480469,-25,70
2020-11-26 12:00:00,260.29278564453125,-25,70
2020-11-27 12:00:00,256.2318420410156,-25,70
2020-11-28 12:00:00,255.3717498779297,-25,70
2020-11-29 12:00:00,252.19393920898438,-25,70
2020-11-30 12:00:00,255.97195434570312,-25,70
2020-12-01 12:00:00,257.60406494140625,-25,70
2020-12-02 12:00:00,256.8913879394531,-25,70
2020-12-03 12:00:00,252.5587921142578,-25,70
2020-12-04 12:00:00,252.91326904296875,-25,70
2020-12-05 12:00:00,256.80548095703125,-25,70
2020-12-06 12:00:00,258.9512634277344,-25,70
2020-12-07 12:00:00,262.53118896484375,-25,70
2020-12-08 12:00:00,258.3313903808594,-25,70
2020-12-09 12:00:00,254.4445037841797,-25,70
2020-12-10 12:00:00,259.4831237792969,-25,70
2020-12-11 12:00:00,263.26666259765625,-25,70
2020-12-12 12:00:00,267.3276672363281,-25,70
2020-12-13 12:00:00,266.8741149902344,-25,70
2020-12-14 12:00:00,263.7397155761719,-25,70
2020-12-15 12:00:00,261.5740661621094,-25,70
2020-12-16 12:00:00,256.6107177734375,-25,70
2020-12-17 12:00:00,253.83642578125,-25,70
2020-12-18 12:00:00,255.81918334960938,-25,70
2020-12-19 12:00:00,257.7514953613281,-25,70
2020-12-20 12:00:00,257.47442626953125,-25,70
2020-12-21 12:00:00,255.72650146484375,-25,70
2020-12-22 12:00:00,252.81263732910156,-25,70
2020-12-23 12:00:00,258.217041015625,-25,70
2020-12-24 12:00:00,264.3773498535156,-25,70
2020-12-25 12:00:00,263.0953369140625,-25,70
2020-12-26 12:00:00,264.7263488769531,-25,70
2020-12-27 12:00:00,264.5305480957031,-25,70
2020-12-28 12:00:00,257.8442077636719,-25,70
2020-12-29 12:00:00,257.95452880859375,-25,70
2020-12-30 12:00:00,257.1378479003906,-25,70
2020-12-31 12:00:00,257.41961669921875,-25,70
2021-01-01 12:00:00,265.4653625488281,-25,70
2021-01-02 12:00:00,265.47802734375,-25,70
2021-01-03 12:00:00,263.27508544921875,-25,70
2021-01-04 12:00:00,258.94635009765625,-25,70
2021-01-05 12:00:00,254.3702850341797,-25,70
2021-01-06 12:00:00,251.7935333251953,-25,70
2021-01-07 12:00:00,255.96495056152344,-25,70
2021-01-08 12:00:00,254.42269897460938,-25,70
2021-01-09 12:00:00,252.8719940185547,-25,70
2021-01-10 12:00:00,255.7903594970703,-25,70
2021-01-11 12:00:00,259.45343017578125,-25,70
2021-01-12 12:00:00,261.8425598144531,-25,70
2021-01-13 12:00:00,262.5474548339844,-25,70
2021-01-14 12:00:00,266.0957946777344,-25,70
2021-01-15 12:00:00,265.0428161621094,-25,70
2021-01-16 12:00:00,266.2736511230469,-25,70
2021-01-17 12:00:00,265.5323486328125,-25,70
2021-01-18 12:00:00,262.1295471191406,-25,70
2021-01-19 12:00:00,255.68057250976562,-25,70
2021-01-20 12:00:00,251.57537841796875,-25,70
2021-01-21 12:00:00,253.50448608398438,-25,70
2021-01-22 12:00:00,255.20603942871094,-25,70
2021-01-23 12:00:00,256.1880798339844,-25,70
2021-01-24 12:00:00,254.60922241210938,-25,70
2021-01-25 12:00:00,248.67630004882812,-25,70
2021-01-26 12:00:00,246.50001525878906,-25,70
2021-01-27 12:00:00,252.297119140625,-25,70
2021-01-28 12:00:00,254.6272430419922,-25,70
2021-01-29 12:00:00,250.8976593017578,-25,70
2021-01-30 12:00:00,255.6595916748047,-25,70
2021-01-31 12:00:00,257.7092590332031,-25,70
2021-02-01 12:00:00,254.85870361328125,-25,70
2021-02-02 12:00:00,254.64083862304688,-25,70
2021-02-03 12:00:00,260.4014892578125,-25,70
2021-02-04 12:00:00,263.70355224609375,-25,70
2021-02-05 12:00:00,263.4830017089844,-25,70
2021-02-06 12:00:00,262.9380187988281,-25,70
2021-02-07 12:00:00,258.98895263671875,-25,70
2021-02-08 12:00:00,256.3784484863281,-25,70
2021-02-09 12:00:00,252.92660522460938,-25,70
2021-02-10 12:00:00,254.80477905273438,-25,70
2021-02-11 12:00:00,253.61656188964844,-25,70
2021-02-12 12:00:00,256.5168762207031,-25,70
2021-02-13 12:00:00,263.34490966796875,-25,70
2021-02-14 12:00:00,264.744140625,-25,70
2021-02-15 12:00:00,266.88818359375,-25,70
2021-02-16 12:00:00,266.9498291015625,-25,70
2021-02-17 12:00:00,266.5701599121094,-25,70
2021-02-18 12:00:00,268.20855712890625,-25,70
2021-02-19 12:00:00,267.07952880859375,-25,70
2021-02-20 12:00:00,265.99951171875,-25,70
2021-02-21 12:00:00,265.1465148925781,-25,70
2021-02-22 12:00:00,265.8716735839844,-25,70
2021-02-23 12:00:00,262.3640441894531,-25,70
2021-02-24 12:00:00,262.9297790527344,-25,70
2021-02-25 12:00:00,261.5838928222656,-25,70
2021-02-26 12:00:00,262.7626953125,-25,70
2021-02-27 12:00:00,262.7810974121094,-25,70
2021-02-28 12:00:00,262.8284912109375,-25,70
2021-03-01 12:00:00,256.84600830078125,-25,70
2021-03-02 12:00:00,254.40243530273438,-25,70
2021-03-03 12:00:00,258.41998291015625,-25,70
2021-03-04 12:00:00,266.0150146484375,-25,70
2021-03-05 12:00:00,262.9434814453125,-25,70
2021-03-06 12:00:00,257.5513610839844,-25,70
2021-03-07 12:00:00,262.92913818359375,-25,70
2021-03-08 12:00:00,261.45416259765625,-25,70
2021-03-09 12:00:00,257.2043151855469,-25,70
2021-03-10 12:00:00,256.6699523925781,-25,70
2021-03-11 12:00:00,259.4763488769531,-25,70
2021-03-12 12:00:00,257.5696105957031,-25,70
2021-03-13 12:00:00,254.94285583496094,-25,70
2021-03-14 12:00:00,253.4443817138672,-25,70
2021-03-15 12:00:00,256.04168701171875,-25,70
2021-03-16 12:00:00,257.82183837890625,-25,70
2021-03-17 12:00:00,266.7300109863281,-25,70
2021-03-18 12:00:00,270.4635009765625,-25,70
2021-03-19 12:00:00,263.78387451171875,-25,70
2021-03-20 12:00:00,259.16632080078125,-25,70
2021-03-21 12:00:00,265.87567138671875,-25,70
2021-03-22 12:00:00,261.1609802246094,-25,70
2021-03-23 12:00:00,253.8361053466797,-25,70
2021-03-24 12:00:00,251.69432067871094,-25,70
2021-03-25 12:00:00,247.48162841796875,-25,70
2021-03-26 12:00:00,250.00811767578125,-25,70
2021-03-27 12:00:00,255.39263916015625,-25,70
2021-03-28 12:00:00,260.52886962890625,-25,70
2021-03-29 12:00:00,260.2241516113281,-25,70
2021-03-30 12:00:00,259.4840393066406,-25,70
2021-03-31 12:00:00,264.8221740722656,-25,70
2021-04-01 12:00:00,263.58087158203125,-25,70
2021-04-02 12:00:00,267.842529296875,-25,70
2021-04-03 12:00:00,259.7505798339844,-25,70
2021-04-04 12:00:00,249.6835174560547,-25,70
2021-04-05 12:00:00,251.66229248046875,-25,70
2021-04-06 12:00:00,256.0679626464844,-25,70
2021-04-07 12:00:00,254.87420654296875,-25,70
2021-04-08 12:00:00,255.0098876953125,-25,70
2021-04-09 12:00:00,258.1206970214844,-25,70
2021-04-10 12:00:00,263.12091064453125,-25,70
2021-04-11 12:00:00,263.1084899902344,-25,70
2021-04-12 12:00:00,264.5291748046875,-25,70
2021-04-13 12:00:00,266.7935485839844,-25,70
2021-04-14 12:00:00,265.7111511230469,-25,70
2021-04-15 12:00:00,261.34375,-25,70
2021-04-16 12:00:00,257.5791931152344,-25,70
2021-04-17 12:00:00,259.76251220703125,-25,70
2021-04-18 12:00:00,261.53179931640625,-25,70
2021-04-19 12:00:00,261.46343994140625,-25,70
2021-04-20 12:00:00,258.3853454589844,-25,70
2021-04-21 12:00:00,258.31500244140625,-25,70
2021-04-22 12:00:00,260.1800231933594,-25,70
2021-04-23 12:00:00,265.3747863769531,-25,70
2021-04-24 12:00:00,269.1648864746094,-25,70
2021-04-25 12:00:00,268.6670837402344,-25,70
2021-04-26 12:00:00,269.5039367675781,-25,70
2021-04-27 12:00:00,268.506103515625,-25,70
2021-04-28 12:00:00,268.6239929199219,-25,70
2021-04-29 12:00:00,268.1775817871094,-25,70
2021-04-30 12:00:00,264.9534606933594,-25,70
2021-05-01 12:00:00,265.9921875,-25,70
2021-05-02 12:00:00,267.1514892578125,-25,70
2021-05-03 12:00:00,266.8983154296875,-25,70
2021-05-04 12:00:00,264.7611999511719,-25,70
2021-05-05 12:00:00,264.3677978515625,-25,70
2021-05-06 12:00:00,263.53125,-25,70
2021-05-07 12:00:00,263.3298645019531,-25,70
2021-05-08 12:00:00,264.0602722167969,-25,70
2021-05-09 12:00:00,263.3868408203125,-25,70
2021-05-10 12:00:00,263.25457763671875,-25,70
2021-05-11 12:00:00,264.2658386230469,-25,70
2021-05-12 12:00:00,263.51617431640625,-25,70
2021-05-13 12:00:00,263.6939697265625,-25,70
2021-05-14 12:00:00,265.82598876953125,-25,70
2021-05-15 12:00:00,265.2398376464844,-25,70
2021-05-16 12:00:00,265.56939697265625,-25,70
2021-05-17 12:00:00,266.10064697265625,-25,70
2021-05-18 12:00:00,265.9491271972656,-25,70
2021-05-19 12:00:00,267.251220703125,-25,70
2021-05-20 12:00:00,269.3023986816406,-25,70
2021-05-21 12:00:00,266.5453186035156,-25,70
2021-05-22 12:00:00,265.9149475097656,-25,70
2021-05-23 12:00:00,266.38555908203125,-25,70
2021-05-24 12:00:00,266.637451171875,-25,70
2021-05-25 12:00:00,266.50531005859375,-25,70
2021-05-26 12:00:00,272.32550048828125,-25,70
2021-05-27 12:00:00,275.18695068359375,-25,70
2021-05-28 12:00:00,274.22271728515625,-25,70
2021-05-29 12:00:00,273.47686767578125,-25,70
2021-05-30 12:00:00,271.9194641113281,-25,70
2021-05-31 12:00:00,271.3475036621094,-25,70
2021-06-01 00:00:00,,-25,70
2021-06-02 00:00:00,,-25,70
2021-06-03 00:00:00,,-25,70
2021-06-04 00:00:00,,-25,70
2021-06-05 00:00:00,,-25,70
2021-06-06 00:00:00,,-25,70
2021-06-07 00:00:00,,-25,70
2021-06-08 00:00:00,,-25,70
2021-06-09 00:00:00,,-25,70
2021-06-10 00:00:00,,-25,70
2021-06-11 00:00:00,,-25,70
2021-06-12 00:00:00,,-25,70
2021-06-13 00:00:00,,-25,70
2021-06-14 00:00:00,,-25,70
2021-06-15 00:00:00,,-25,70
2021-06-16 00:00:00,,-25,70
2021-06-17 00:00:00,,-25,70
2021-06-18 00:00:00,,-25,70
2021-06-19 00:00:00,,-25,70
2021-06-20 00:00:00,,-25,70
2021-06-21 00:00:00,,-25,70
2021-06-22 00:00:00,,-25,70
2021-06-23 00:00:00,,-25,70
2021-06-24 00:00:00,,-25,70
2021-06-25 00:00:00,,-25,70
2021-06-26 00:00:00,,-25,70
2021-06-27 00:00:00,,-25,70
2021-06-28 00:00:00,,-25,70
2021-06-29 00:00:00,,-25,70
2021-06-30 00:00:00,,-25,70
2021-07-01 00:00:00,,-25,70
2021-07-02 00:00:00,,-25,70
2021-07-03 00:00:00,,-25,70
2021-07-04 00:00:00,,-25,70
2021-07-05 00:00:00,,-25,70
2021-07-06 00:00:00,,-25,70
2021-07-07 00:00:00,,-25,70
2021-07-08 00:00:00,,-25,70
2021-07-09 00:00:00,,-25,70
2021-07-10 00:00:00,,-25,70
2021-07-11 00:00:00,,-25,70
2021-07-12 00:00:00,,-25,70
2021-07-13 00:00:00,,-25,70
2021-07-14 00:00:00,,-25,70
2021-07-15 00:00:00,,-25,70
2021-07-16 00:00:00,,-25,70
2021-07-17 00:00:00,,-25,70
2021-07-18 00:00:00,,-25,70
2021-07-19 00:00:00,,-25,70
2021-07-20 00:00:00,,-25,70
2021-07-21 00:00:00,,-25,70
2021-07-22 00:00:00,,-25,70
2021-07-23 00:00:00,,-25,70
2021-07-24 00:00:00,,-25,70
2021-07-25 00:00:00,,-25,70
2021-07-26 00:00:00,,-25,70
2021-07-27 00:00:00,,-25,70
2021-07-28 00:00:00,,-25,70
2021-07-29 00:00:00,,-25,70
2021-07-30 00:00:00,,-25,70
2021-07-31 00:00:00,,-25,70
2021-08-01 00:00:00,,-25,70
2021-08-02 00:00:00,,-25,70
2021-08-03 00:00:00,,-25,70
2021-08-04 00:00:00,,-25,70
2021-08-05 00:00:00,,-25,70
2021-08-06 00:00:00,,-25,70
2021-08-07 00:00:00,,-25,70
2021-08-08 00:00:00,,-25,70
2021-08-09 00:00:00,,-25,70
2021-08-10 00:00:00,,-25,70
2021-08-11 00:00:00,,-25,70
2021-08-12 00:00:00,,-25,70
2021-08-13 00:00:00,,-25,70
2021-08-14 00:00:00,,-25,70
2021-08-15 00:00:00,,-25,70
2021-08-16 00:00:00,,-25,70
2021-08-17 00:00:00,,-25,70
2021-08-18 00:00:00,,-25,70
2021-08-19 00:00:00,,-25,70
2021-08-20 00:00:00,,-25,70
2021-08-21 00:00:00,,-25,70
2021-08-22 00:00:00,,-25,70
2021-08-23 00:00:00,,-25,70
2021-08-24 00:00:00,,-25,70
2021-08-25 00:00:00,,-25,70
2021-08-26 00:00:00,,-25,70
2021-08-27 00:00:00,,-25,70
2021-08-28 00:00:00,,-25,70
2021-08-29 00:00:00,,-25,70
2021-08-30 00:00:00,,-25,70
2021-08-31 00:00:00,,-25,70
2021-09-01 00:00:00,,-25,70
2021-09-02 00:00:00,,-25,70
2021-09-03 00:00:00,,-25,70
2021-09-04 00:00:00,,-25,70
2021-09-05 00:00:00,,-25,70
2021-09-06 00:00:00,,-25,70
2021-09-07 00:00:00,,-25,70
2021-09-08 00:00:00,,-25,70
2021-09-09 00:00:00,,-25,70
2021-09-10 00:00:00,,-25,70
2021-09-11 00:00:00,,-25,70
2021-09-12 00:00:00,,-25,70
2021-09-13 00:00:00,,-25,70
2021-09-14 00:00:00,,-25,70
2021-09-15 00:00:00,,-25,70
2021-09-16 00:00:00,,-25,70
2021-09-17 00:00:00,,-25,70
2021-09-18 00:00:00,,-25,70
2021-09-19 00:00:00,,-25,70
2021-09-20 00:00:00,,-25,70
2021-09-21 00:00:00,,-25,70
2021-09-22 00:00:00,,-25,70
2021-09-23 00:00:00,,-25,70
2021-09-24 00:00:00,,-25,70
2021-09-25 00:00:00,,-25,70
2021-09-26 00:00:00,,-25,70
2021-09-27 00:00:00,,-25,70
2021-09-28 00:00:00,,-25,70
2021-09-29 00:00:00,,-25,70
2021-09-30 00:00:00,,-25,70
2021-10-01 12:00:00,268.48974609375,-25,70
2021-10-02 12:00:00,267.38299560546875,-25,70
2021-10-03 12:00:00,267.6153564453125,-25,70
2021-10-04 12:00:00,267.1863098144531,-25,70
2021-10-05 12:00:00,266.2665100097656,-25,70
2021-10-06 12:00:00,264.82012939453125,-25,70
2021-10-07 12:00:00,262.8192138671875,-25,70
2021-10-08 12:00:00,263.0566711425781,-25,70
2021-10-09 12:00:00,264.85980224609375,-25,70
2021-10-10 12:00:00,262.924560546875,-25,70
2021-10-11 12:00:00,264.9396667480469,-25,70
2021-10-12 12:00:00,266.33642578125,-25,70
2021-10-13 12:00:00,265.2210388183594,-25,70
2021-10-14 12:00:00,268.5855407714844,-25,70
2021-10-15 12:00:00,264.3961486816406,-25,70
2021-10-16 12:00:00,261.94512939453125,-25,70
2021-10-17 12:00:00,260.0487976074219,-25,70
2021-10-18 12:00:00,262.7603454589844,-25,70
2021-10-19 12:00:00,264.59332275390625,-25,70
2021-10-20 12:00:00,268.734375,-25,70
2021-10-21 12:00:00,265.55413818359375,-25,70
2021-10-22 12:00:00,265.13525390625,-25,70
2021-10-23 12:00:00,263.00994873046875,-25,70
2021-10-24 12:00:00,261.65435791015625,-25,70
2021-10-25 12:00:00,264.7033386230469,-25,70
2021-10-26 12:00:00,267.22216796875,-25,70
2021-10-27 12:00:00,266.0101013183594,-25,70
2021-10-28 12:00:00,264.054931640625,-25,70
2021-10-29 12:00:00,261.0404052734375,-25,70
2021-10-30 12:00:00,263.480224609375,-25,70
2021-10-31 12:00:00,262.8481140136719,-25,70
2021-11-01 12:00:00,263.2366943359375,-25,70
2021-11-02 12:00:00,260.7580871582031,-25,70
2021-11-03 12:00:00,263.99530029296875,-25,70
2021-11-04 12:00:00,261.66375732421875,-25,70
2021-11-05 12:00:00,260.7789611816406,-25,70
2021-11-06 12:00:00,258.1639099121094,-25,70
2021-11-07 12:00:00,257.17987060546875,-25,70
2021-11-08 12:00:00,260.97467041015625,-25,70
2021-11-09 12:00:00,264.55975341796875,-25,70
2021-11-10 12:00:00,262.0024719238281,-25,70
2021-11-11 12:00:00,261.5155334472656,-25,70
2021-11-12 12:00:00,261.1258239746094,-25,70
2021-11-13 12:00:00,256.912353515625,-25,70
2021-11-14 12:00:00,261.3560791015625,-25,70
2021-11-15 12:00:00,263.6437683105469,-25,70
2021-11-16 12:00:00,264.58843994140625,-25,70
2021-11-17 12:00:00,263.9158020019531,-25,70
2021-11-18 12:00:00,258.5430603027344,-25,70
2021-11-19 12:00:00,260.04327392578125,-25,70
2021-11-20 12:00:00,259.03179931640625,-25,70
2021-11-21 12:00:00,263.520751953125,-25,70
2021-11-22 12:00:00,260.962158203125,-25,70
2021-11-23 12:00:00,257.9734802246094,-25,70
2021-11-24 12:00:00,259.315185546875,-25,70
2021-11-25 12:00:00,259.27142333984375,-25,70
2021-11-26 12:00:00,259.2369384765625,-25,70
2021-11-27 12:00:00,259.0166320800781,-25,70
2021-11-28 12:00:00,259.6344299316406,-25,70
2021-11-29 12:00:00,254.14207458496094,-25,70
2021-11-30 12:00:00,255.3118896484375,-25,70
2021-12-01 12:00:00,255.4035186767578,-25,70
2021-12-02 12:00:00,261.2728576660156,-25,70
2021-12-03 12:00:00,263.51434326171875,-25,70
2021-12-04 12:00:00,264.4194641113281,-25,70
2021-12-05 12:00:00,264.13995361328125,-25,70
2021-12-06 12:00:00,265.10162353515625,-25,70
2021-12-07 12:00:00,266.21490478515625,-25,70
2021-12-08 12:00:00,265.8930358886719,-25,70
2021-12-09 12:00:00,263.04986572265625,-25,70
2021-12-10 12:00:00,265.28955078125,-25,70
2021-12-11 12:00:00,268.1383056640625,-25,70
2021-12-12 12:00:00,269.257080078125,-25,70
2021-12-13 12:00:00,267.6488952636719,-25,70
2021-12-14 12:00:00,265.5267333984375,-25,70
2021-12-15 12:00:00,265.16986083984375,-25,70
2021-12-16 12:00:00,263.11456298828125,-25,70
2021-12-17 12:00:00,262.8672790527344,-25,70
2021-12-18 12:00:00,262.3176574707031,-25,70
2021-12-19 12:00:00,265.1739196777344,-25,70
2021-12-20 12:00:00,265.1003723144531,-25,70
2021-12-21 12:00:00,263.93792724609375,-25,70
2021-12-22 12:00:00,260.9278869628906,-25,70
2021-12-23 12:00:00,260.6927185058594,-25,70
2021-12-24 12:00:00,259.7001953125,-25,70
2021-12-25 12:00:00,256.75152587890625,-25,70
2021-12-26 12:00:00,255.90310668945312,-25,70
2021-12-27 12:00:00,250.74740600585938,-25,70
2021-12-28 12:00:00,250.2221221923828,-25,70
2021-12-29 12:00:00,251.89463806152344,-25,70
2021-12-30 12:00:00,257.5208435058594,-25,70
2021-12-31 12:00:00,252.7852325439453,-25,70
2022-01-01 12:00:00,250.76309204101562,-25,70
2022-01-02 12:00:00,253.95411682128906,-25,70
2022-01-03 12:00:00,257.5303649902344,-25,70
2022-01-04 12:00:00,258.3256530761719,-25,70
2022-01-05 12:00:00,261.8309631347656,-25,70
2022-01-06 12:00:00,262.48834228515625,-25,70
2022-01-07 12:00:00,262.5254821777344,-25,70
2022-01-08 12:00:00,263.0315246582031,-25,70
2022-01-09 12:00:00,265.2431335449219,-25,70
2022-01-10 12:00:00,265.6099853515625,-25,70
2022-01-11 12:00:00,262.8917541503906,-25,70
2022-01-12 12:00:00,260.29473876953125,-25,70
2022-01-13 12:00:00,257.1459655761719,-25,70
2022-01-14 12:00:00,255.90382385253906,-25,70
2022-01-15 12:00:00,250.179443359375,-25,70
2022-01-16 12:00:00,247.1009521484375,-25,70
2022-01-17 12:00:00,257.7059020996094,-25,70
2022-01-18 12:00:00,251.89842224121094,-25,70
2022-01-19 12:00:00,254.36322021484375,-25,70
2022-01-20 12:00:00,264.3285827636719,-25,70
2022-01-21 12:00:00,266.2546081542969,-25,70
2022-01-22 12:00:00,253.2949676513672,-25,70
2022-01-23 12:00:00,250.822998046875,-25,70
2022-01-24 12:00:00,252.27890014648438,-25,70
2022-01-25 12:00:00,258.7176513671875,-25,70
2022-01-26 12:00:00,255.34715270996094,-25,70
2022-01-27 12:00:00,252.5801239013672,-25,70
2022-01-28 12:00:00,256.95318603515625,-25,70
2022-01-29 12:00:00,255.41807556152344,-25,70
2022-01-30 12:00:00,253.45184326171875,-25,70
2022-01-31 12:00:00,250.4772491455078,-25,70
2022-02-01 12:00:00,252.07479858398438,-25,70
2022-02-02 12:00:00,255.7295684814453,-25,70
2022-02-03 12:00:00,258.1206970214844,-25,70
2022-02-04 12:00:00,257.8879699707031,-25,70
2022-02-05 12:00:00,257.8018493652344,-25,70
2022-02-06 12:00:00,254.86619567871094,-25,70
2022-02-07 12:00:00,253.023193359375,-25,70
2022-02-08 12:00:00,254.4153594970703,-25,70
2022-02-09 12:00:00,250.75619506835938,-25,70
2022-02-10 12:00:00,250.5050048828125,-25,70
2022-02-11 12:00:00,251.63632202148438,-25,70
2022-02-12 12:00:00,253.3258056640625,-25,70
2022-02-13 12:00:00,255.7203369140625,-25,70
2022-02-14 12:00:00,256.8836669921875,-25,70
2022-02-15 12:00:00,261.3733215332031,-25,70
2022-02-16 12:00:00,264.0362243652344,-25,70
2022-02-17 12:00:00,259.2745361328125,-25,70
2022-02-18 12:00:00,252.90130615234375,-25,70
2022-02-19 12:00:00,250.84890747070312,-25,70
2022-02-20 12:00:00,254.9072265625,-25,70
2022-02-21 12:00:00,255.10130310058594,-25,70
2022-02-22 12:00:00,251.60073852539062,-25,70
2022-02-23 12:00:00,253.7972869873047,-25,70
2022-02-24 12:00:00,252.47280883789062,-25,70
2022-02-25 12:00:00,250.8871612548828,-25,70
2022-02-26 12:00:00,254.66726684570312,-25,70
2022-02-27 12:00:00,256.5726013183594,-25,70
2022-02-28 12:00:00,257.65576171875,-25,70
2022-03-01 12:00:00,259.85009765625,-25,70
2022-03-02 12:00:00,257.9676513671875,-25,70
2022-03-03 12:00:00,256.7668151855469,-25,70
2022-03-04 12:00:00,258.4009704589844,-25,70
2022-03-05 12:00:00,261.2801208496094,-25,70
2022-03-06 12:00:00,262.3877258300781,-25,70
2022-03-07 12:00:00,260.2508239746094,-25,70
2022-03-08 12:00:00,256.3503112792969,-25,70
2022-03-09 12:00:00,258.95703125,-25,70
2022-03-10 12:00:00,260.0497741699219,-25,70
2022-03-11 12:00:00,262.3210144042969,-25,70
2022-03-12 12:00:00,264.7762756347656,-25,70
2022-03-13 12:00:00,264.1050109863281,-25,70
2022-03-14 12:00:00,267.253662109375,-25,70
2022-03-15 12:00:00,266.40399169921875,-25,70
2022-03-16 12:00:00,262.2691650390625,-25,70
2022-03-17 12:00:00,260.61407470703125,-25,70
2022-03-18 12:00:00,259.0738525390625,-25,70
2022-03-19 12:00:00,256.6157531738281,-25,70
2022-03-20 12:00:00,256.9996032714844,-25,70
2022-03-21 12:00:00,251.8968505859375,-25,70
2022-03-22 12:00:00,254.6528778076172,-25,70
2022-03-23 12:00:00,254.07290649414062,-25,70
2022-03-24 12:00:00,255.42384338378906,-25,70
2022-03-25 12:00:00,254.4213104248047,-25,70
2022-03-26 12:00:00,260.7489318847656,-25,70
2022-03-27 12:00:00,257.2707214355469,-25,70
2022-03-28 12:00:00,257.41448974609375,-25,70
2022-03-29 12:00:00,260.7283630371094,-25,70
2022-03-30 12:00:00,259.696533203125,-25,70
2022-03-31 12:00:00,262.7746887207031,-25,70
2022-04-01 12:00:00,263.4224853515625,-25,70
2022-04-02 12:00:00,260.3979797363281,-25,70
2022-04-03 12:00:00,258.7937316894531,-25,70
2022-04-04 12:00:00,254.0157012939453,-25,70
2022-04-05 12:00:00,254.53335571289062,-25,70
2022-04-06 12:00:00,257.0903015136719,-25,70
2022-04-07 12:00:00,256.77825927734375,-25,70
2022-04-08 12:00:00,257.1754150390625,-25,70
2022-04-09 12:00:00,256.5503845214844,-25,70
2022-04-10 12:00:00,257.11590576171875,-25,70
2022-04-11 12:00:00,256.4988098144531,-25,70
2022-04-12 12:00:00,260.0020751953125,-25,70
2022-04-13 12:00:00,262.9792785644531,-25,70
2022-04-14 12:00:00,267.9194030761719,-25,70
2022-04-15 12:00:00,267.110595703125,-25,70
2022-04-16 12:00:00,269.1506652832031,-25,70
2022-04-17 12:00:00,267.6545715332031,-25,70
2022-04-18 12:00:00,264.4856872558594,-25,70
2022-04-19 12:00:00,263.9307556152344,-25,70
2022-04-20 12:00:00,265.55523681640625,-25,70
2022-04-21 12:00:00,269.5344543457031,-25,70
2022-04-22 12:00:00,269.1578674316406,-25,70
2022-04-23 12:00:00,270.3809814453125,-25,70
2022-04-24 12:00:00,268.8877868652344,-25,70
2022-04-25 12:00:00,265.923828125,-25,70
2022-04-26 12:00:00,264.8949890136719,-25,70
2022-04-27 12:00:00,265.7362060546875,-25,70
2022-04-28 12:00:00,268.3680419921875,-25,70
2022-04-29 12:00:00,269.8033447265625,-25,70
2022-04-30 12:00:00,266.7066955566406,-25,70
2022-05-01 12:00:00,259.66851806640625,-25,70
2022-05-02 12:00:00,259.48590087890625,-25,70
2022-05-03 12:00:00,261.2877502441406,-25,70
2022-05-04 12:00:00,260.88165283203125,-25,70
2022-05-05 12:00:00,260.8948974609375,-25,70
2022-05-06 12:00:00,261.4678039550781,-25,70
2022-05-07 12:00:00,263.75445556640625,-25,70
2022-05-08 12:00:00,264.9052429199219,-25,70
2022-05-09 12:00:00,263.4610290527344,-25,70
2022-05-10 12:00:00,261.19891357421875,-25,70
2022-05-11 12:00:00,262.1050720214844,-25,70
2022-05-12 12:00:00,263.7402648925781,-25,70
2022-05-13 12:00:00,264.5245361328125,-25,70
2022-05-14 12:00:00,264.6405334472656,-25,70
2022-05-15 12:00:00,266.1022644042969,-25,70
2022-05-16 12:00:00,272.0437316894531,-25,70
2022-05-17 12:00:00,273.2796325683594,-25,70
2022-05-18 12:00:00,270.8067932128906,-25,70
2022-05-19 12:00:00,271.1270751953125,-25,70
2022-05-20 12:00:00,272.8410949707031,-25,70
2022-05-21 12:00:00,271.03472900390625,-25,70
2022-05-22 12:00:00,269.1277160644531,-25,70
2022-05-23 12:00:00,269.6175842285156,-25,70
2022-05-24 12:00:00,270.6676025390625,-25,70
2022-05-25 12:00:00,272.718994140625,-25,70
2022-05-26 12:00:00,273.0947570800781,-25,70
2022-05-27 12:00:00,272.13525390625,-25,70
2022-05-28 12:00:00,274.3306884765625,-25,70
2022-05-29 12:00:00,275.9087829589844,-25,70
2022-05-30 12:00:00,277.288330078125,-25,70
2022-05-31 12:00:00,274.4794921875,-25,70
2022-06-01 12:00:00,272.7467346191406,-25,70
2022-06-02 12:00:00,271.0418395996094,-25,70
2022-06-03 12:00:00,270.4870910644531,-25,70
2022-06-04 12:00:00,270.8013916015625,-25,70
2022-06-05 12:00:00,269.8200378417969,-25,70
2022-06-06 12:00:00,269.3742370605469,-25,70
2022-06-07 12:00:00,271.0672912597656,-25,70
2022-06-08 12:00:00,273.6598815917969,-25,70
2022-06-09 12:00:00,271.9085388183594,-25,70
2022-06-10 12:00:00,272.1537170410156,-25,70
2022-06-11 12:00:00,272.2152404785156,-25,70
2022-06-12 12:00:00,272.5887451171875,-25,70
2022-06-13 12:00:00,271.94696044921875,-25,70
2022-06-14 12:00:00,272.6545104980469,-25,70
2022-06-15 12:00:00,273.0220642089844,-25,70
2022-06-16 12:00:00,273.0165710449219,-25,70
2022-06-17 12:00:00,273.2204895019531,-25,70
2022-06-18 12:00:00,274.3221130371094,-25,70
2022-06-19 12:00:00,274.9036865234375,-25,70
2022-06-20 12:00:00,272.6873474121094,-25,70
2022-06-21 12:00:00,272.9346618652344,-25,70
2022-06-22 12:00:00,273.0894470214844,-25,70
2022-06-23 12:00:00,271.22406005859375,-25,70
2022-06-24 12:00:00,271.5212097167969,-25,70
2022-06-25 12:00:00,272.59515380859375,-25,70
2022-06-26 12:00:00,272.52423095703125,-25,70
2022-06-27 12:00:00,274.1487731933594,-25,70
2022-06-28 12:00:00,274.6623840332031,-25,70
2022-06-29 12:00:00,275.6684875488281,-25,70
2022-06-30 12:00:00,274.6058349609375,-25,70
2022-07-01 12:00:00,275.1163330078125,-25,70
2022-07-02 12:00:00,275.54742431640625,-25,70
2022-07-03 12:00:00,275.044677734375,-25,70
2022-07-04 12:00:00,273.4410400390625,-25,70
2022-07-05 12:00:00,273.7035217285156,-25,70
2022-07-06 12:00:00,274.8525390625,-25,70
2022-07-07 12:00:00,274.4587707519531,-25,70
2022-07-08 12:00:00,273.95611572265625,-25,70
2022-07-09 12:00:00,274.2121887207031,-25,70
2022-07-10 12:00:00,274.73468017578125,-25,70
2022-07-11 12:00:00,275.17816162109375,-25,70
2022-07-12 12:00:00,274.95013427734375,-25,70
2022-07-13 12:00:00,275.36676025390625,-25,70
2022-07-14 12:00:00,274.81280517578125,-25,70
2022-07-15 12:00:00,274.6058044433594,-25,70
2022-07-16 12:00:00,276.45294189453125,-25,70
2022-07-17 12:00:00,275.8720703125,-25,70
2022-07-18 12:00:00,275.4864807128906,-25,70
2022-07-19 12:00:00,275.96002197265625,-25,70
2022-07-20 12:00:00,275.0447082519531,-25,70
2022-07-21 12:00:00,275.7177429199219,-25,70
2022-07-22 12:00:00,277.8262634277344,-25,70
2022-07-23 12:00:00,278.0433044433594,-25,70
2022-07-24 12:00:00,276.61053466796875,-25,70
2022-07-25 12:00:00,274.36798095703125,-25,70
2022-07-26 12:00:00,274.1817626953125,-25,70
2022-07-27 12:00:00,274.7505187988281,-25,70
2022-07-28 12:00:00,274.3725891113281,-25,70
2022-07-29 12:00:00,274.2232666015625,-25,70
2022-07-30 12:00:00,273.91729736328125,-25,70
2022-07-31 12:00:00,275.2641906738281,-25,70
2022-08-01 12:00:00,275.3006591796875,-25,70
2022-08-02 12:00:00,274.3630676269531,-25,70
2022-08-03 12:00:00,275.00091552734375,-25,70
2022-08-04 12:00:00,276.0443420410156,-25,70
2022-08-05 12:00:00,276.1830749511719,-25,70
2022-08-06 12:00:00,276.16241455078125,-25,70
2022-08-07 12:00:00,275.1115417480469,-25,70
2022-08-08 12:00:00,273.7745056152344,-25,70
2022-08-09 12:00:00,274.1893310546875,-25,70
2022-08-10 12:00:00,273.9435119628906,-25,70
2022-08-11 12:00:00,272.9363098144531,-25,70
2022-08-12 12:00:00,272.9561462402344,-25,70
2022-08-13 12:00:00,272.537841796875,-25,70
2022-08-14 12:00:00,272.49066162109375,-25,70
2022-08-15 12:00:00,272.8653564453125,-25,70
2022-08-16 12:00:00,274.11474609375,-25,70
2022-08-17 12:00:00,273.65380859375,-25,70
2022-08-18 12:00:00,273.0321350097656,-25,70
2022-08-19 12:00:00,273.9923400878906,-25,70
2022-08-20 12:00:00,272.8870849609375,-25,70
2022-08-21 12:00:00,271.75177001953125,-25,70
2022-08-22 12:00:00,273.3744201660156,-25,70
2022-08-23 12:00:00,273.9149169921875,-25,70
2022-08-24 12:00:00,274.9803771972656,-25,70
2022-08-25 12:00:00,275.37847900390625,-25,70
2022-08-26 12:00:00,274.54791259765625,-25,70
2022-08-27 12:00:00,273.3663330078125,-25,70
2022-08-28 12:00:00,273.73248291015625,-25,70
2022-08-29 12:00:00,275.4533386230469,-25,70
2022-08-30 12:00:00,274.53717041015625,-25,70
2022-08-31 12:00:00,273.0677185058594,-25,70
2022-09-01 12:00:00,272.685791015625,-25,70
2022-09-02 12:00:00,272.5467834472656,-25,70
2022-09-03 12:00:00,276.9832458496094,-25,70
2022-09-04 12:00:00,277.6391906738281,-25,70
2022-09-05 12:00:00,276.4935607910156,-25,70
2022-09-06 12:00:00,277.10906982421875,-25,70
2022-09-07 12:00:00,276.2732238769531,-25,70
2022-09-08 12:00:00,274.69329833984375,-25,70
2022-09-09 12:00:00,276.20904541015625,-25,70
2022-09-10 12:00:00,275.014404296875,-25,70
2022-09-11 12:00:00,275.0794982910156,-25,70
2022-09-12 12:00:00,274.11871337890625,-25,70
2022-09-13 12:00:00,271.5450744628906,-25,70
2022-09-14 12:00:00,271.56884765625,-25,70
2022-09-15 12:00:00,271.76190185546875,-25,70
2022-09-16 12:00:00,272.07562255859375,-25,70
2022-09-17 12:00:00,270.6388854980469,-25,70
2022-09-18 12:00:00,271.66705322265625,-25,70
2022-09-19 12:00:00,275.63311767578125,-25,70
2022-09-20 12:00:00,272.529052734375,-25,70
2022-09-21 12:00:00,270.4130554199219,-25,70
2022-09-22 12:00:00,269.20916748046875,-25,70
2022-09-23 12:00:00,272.4015197753906,-25,70
2022-09-24 12:00:00,274.21392822265625,-25,70
2022-09-25 12:00:00,269.56707763671875,-25,70
2022-09-26 12:00:00,269.4149475097656,-25,70
2022-09-27 12:00:00,270.099365234375,-25,70
2022-09-28 12:00:00,269.4662170410156,-25,70
2022-09-29 12:00:00,270.4042053222656,-25,70
2022-09-30 12:00:00,271.9554443359375,-25,70
2022-10-01 12:00:00,272.7852783203125,-25,70
2022-10-02 12:00:00,272.76068115234375,-25,70
2022-10-03 12:00:00,271.17694091796875,-25,70
2022-10-04 12:00:00,270.1623229980469,-25,70
2022-10-05 12:00:00,271.1831359863281,-25,70
2022-10-06 12:00:00,269.80096435546875,-25,70
2022-10-07 12:00:00,268.5858459472656,-25,70
2022-10-08 12:00:00,265.31683349609375,-25,70
2022-10-09 12:00:00,262.63714599609375,-25,70
2022-10-10 12:00:00,263.4954833984375,-25,70
2022-10-11 12:00:00,266.0556640625,-25,70
2022-10-12 12:00:00,264.4869079589844,-25,70
2022-10-13 12:00:00,265.0240173339844,-25,70
2022-10-14 12:00:00,266.016357421875,-25,70
2022-10-15 12:00:00,263.780029296875,-25,70
2022-10-16 12:00:00,264.44207763671875,-25,70
2022-10-17 12:00:00,273.2474670410156,-25,70
2022-10-18 12:00:00,274.1732177734375,-25,70
2022-10-19 12:00:00,270.5511474609375,-25,70
2022-10-20 12:00:00,266.0376892089844,-25,70
2022-10-21 12:00:00,264.1555480957031,-25,70
2022-10-22 12:00:00,265.3493957519531,-25,70
2022-10-23 12:00:00,265.3191833496094,-25,70
2022-10-24 12:00:00,264.9867858886719,-25,70
2022-10-25 12:00:00,263.352294921875,-25,70
2022-10-26 12:00:00,263.09808349609375,-25,70
2022-10-27 12:00:00,264.9703674316406,-25,70
2022-10-28 12:00:00,268.0387268066406,-25,70
2022-10-29 12:00:00,270.4483947753906,-25,70
2022-10-30 12:00:00,268.527099609375,-25,70
2022-10-31 12:00:00,267.17327880859375,-25,70
2022-11-01 12:00:00,267.8681945800781,-25,70
2022-11-02 12:00:00,265.09661865234375,-25,70
2022-11-03 12:00:00,265.21185302734375,-25,70
2022-11-04 12:00:00,262.7382507324219,-25,70
2022-11-05 12:00:00,265.2960510253906,-25,70
2022-11-06 12:00:00,264.53961181640625,-25,70
2022-11-07 12:00:00,264.5539245605469,-25,70
2022-11-08 12:00:00,265.344482421875,-25,70
2022-11-09 12:00:00,263.9272766113281,-25,70
2022-11-10 12:00:00,262.8539123535156,-25,70
2022-11-11 12:00:00,263.1841125488281,-25,70
2022-11-12 12:00:00,263.57373046875,-25,70
2022-11-13 12:00:00,265.6797180175781,-25,70
2022-11-14 12:00:00,268.7900695800781,-25,70
2022-11-15 12:00:00,267.8406677246094,-25,70
2022-11-16 12:00:00,269.008056640625,-25,70
2022-11-17 12:00:00,266.46954345703125,-25,70
2022-11-18 12:00:00,268.54364013671875,-25,70
2022-11-19 12:00:00,267.222900390625,-25,70
2022-11-20 12:00:00,269.65582275390625,-25,70
2022-11-21 12:00:00,269.6872253417969,-25,70
2022-11-22 12:00:00,268.94476318359375,-25,70
2022-11-23 12:00:00,266.43060302734375,-25,70
2022-11-24 12:00:00,265.32391357421875,-25,70
2022-11-25 12:00:00,263.6761169433594,-25,70
2022-11-26 12:00:00,262.0563049316406,-25,70
2022-11-27 12:00:00,265.0094299316406,-25,70
2022-11-28 12:00:00,265.513671875,-25,70
2022-11-29 12:00:00,264.2940368652344,-25,70
2022-11-30 12:00:00,268.5860595703125,-25,70
2022-12-01 12:00:00,267.6737976074219,-25,70
2022-12-02 12:00:00,265.75335693359375,-25,70
2022-12-03 12:00:00,261.9062805175781,-25,70
2022-12-04 12:00:00,265.9523010253906,-25,70
2022-12-05 12:00:00,264.96539306640625,-25,70
2022-12-06 12:00:00,261.9286193847656,-25,70
2022-12-07 12:00:00,258.5343017578125,-25,70
2022-12-08 12:00:00,259.39801025390625,-25,70
2022-12-09 12:00:00,261.7943420410156,-25,70
2022-12-10 12:00:00,266.9446105957031,-25,70
2022-12-11 12:00:00,265.5318603515625,-25,70
2022-12-12 12:00:00,257.7694091796875,-25,70
2022-12-13 12:00:00,253.1878204345703,-25,70
2022-12-14 12:00:00,251.58956909179688,-25,70
2022-12-15 12:00:00,249.50506591796875,-25,70
2022-12-16 12:00:00,249.1810302734375,-25,70
2022-12-17 12:00:00,248.979248046875,-25,70
2022-12-18 12:00:00,248.8812713623047,-25,70
2022-12-19 12:00:00,252.7023468017578,-25,70
2022-12-20 12:00:00,256.7216491699219,-25,70
2022-12-21 12:00:00,256.54278564453125,-25,70
2022-12-22 12:00:00,252.11834716796875,-25,70
2022-12-23 12:00:00,247.0045166015625,-25,70
2022-12-24 12:00:00,252.04373168945312,-25,70
2022-12-25 12:00:00,250.44517517089844,-25,70
2022-12-26 12:00:00,245.41636657714844,-25,70
2022-12-27 12:00:00,244.1144256591797,-25,70
2022-12-28 12:00:00,247.32891845703125,-25,70
2022-12-29 12:00:00,247.82717895507812,-25,70
2022-12-30 12:00:00,246.98480224609375,-25,70
2022-12-31 12:00:00,245.86285400390625,-25,70
2023-01-01 12:00:00,247.05685424804688,-25,70
2023-01-02 12:00:00,254.94766235351562,-25,70
2023-01-03 12:00:00,259.07244873046875,-25,70
2023-01-04 12:00:00,256.8705749511719,-25,70
2023-01-05 12:00:00,258.791015625,-25,70
2023-01-06 12:00:00,260.39501953125,-25,70
2023-01-07 12:00:00,260.6728820800781,-25,70
2023-01-08 12:00:00,262.5823669433594,-25,70
2023-01-09 12:00:00,259.9113464355469,-25,70
2023-01-10 12:00:00,254.51283264160156,-25,70
2023-01-11 12:00:00,252.970947265625,-25,70
2023-01-12 12:00:00,249.7126922607422,-25,70
2023-01-13 12:00:00,246.94357299804688,-25,70
2023-01-14 12:00:00,250.6993408203125,-25,70
2023-01-15 12:00:00,255.05787658691406,-25,70
2023-01-16 12:00:00,254.41844177246094,-25,70
2023-01-17 12:00:00,254.37733459472656,-25,70
2023-01-18 12:00:00,249.31028747558594,-25,70
2023-01-19 12:00:00,249.56417846679688,-25,70
2023-01-20 12:00:00,252.13754272460938,-25,70
2023-01-21 12:00:00,254.03028869628906,-25,70
2023-01-22 12:00:00,255.4425506591797,-25,70
2023-01-23 12:00:00,256.52001953125,-25,70
2023-01-24 12:00:00,260.1413269042969,-25,70
2023-01-25 12:00:00,258.53607177734375,-25,70
2023-01-26 12:00:00,265.59222412109375,-25,70
2023-01-27 12:00:00,259.9408264160156,-25,70
2023-01-28 12:00:00,257.2317810058594,-25,70
2023-01-29 12:00:00,254.17349243164062,-25,70
2023-01-30 12:00:00,251.35617065429688,-25,70
2023-01-31 12:00:00,253.00572204589844,-25,70
2023-02-01 12:00:00,252.0738525390625,-25,70
2023-02-02 12:00:00,253.25196838378906,-25,70
2023-02-03 12:00:00,256.2333679199219,-25,70
2023-02-04 12:00:00,259.5146484375,-25,70
2023-02-05 12:00:00,262.84869384765625,-25,70
2023-02-06 12:00:00,261.9461364746094,-25,70
2023-02-07 12:00:00,255.04237365722656,-25,70
2023-02-08 12:00:00,251.28353881835938,-25,70
2023-02-09 12:00:00,251.13259887695312,-25,70
2023-02-10 12:00:00,256.0619201660156,-25,70
2023-02-11 12:00:00,258.7432556152344,-25,70
2023-02-12 12:00:00,258.18133544921875,-25,70
2023-02-13 12:00:00,259.03631591796875,-25,70
2023-02-14 12:00:00,261.0684814453125,-25,70
2023-02-15 12:00:00,260.9172668457031,-25,70
2023-02-16 12:00:00,256.2440490722656,-25,70
2023-02-17 12:00:00,250.35415649414062,-25,70
2023-02-18 12:00:00,252.17884826660156,-25,70
2023-02-19 12:00:00,257.0528259277344,-25,70
2023-02-20 12:00:00,260.6254577636719,-25,70
2023-02-21 12:00:00,257.4363098144531,-25,70
2023-02-22 12:00:00,252.76290893554688,-25,70
2023-02-23 12:00:00,255.16574096679688,-25,70
2023-02-24 12:00:00,258.5875549316406,-25,70
2023-02-25 12:00:00,266.74884033203125,-25,70
2023-02-26 12:00:00,265.3184509277344,-25,70
2023-02-27 12:00:00,264.8224792480469,-25,70
2023-02-28 12:00:00,269.47119140625,-25,70
2023-03-01 12:00:00,264.510986328125,-25,70
2023-03-02 12:00:00,266.5484313964844,-25,70
2023-03-03 12:00:00,260.346435546875,-25,70
2023-03-04 12:00:00,262.3437805175781,-25,70
2023-03-05 12:00:00,258.9583435058594,-25,70
2023-03-06 12:00:00,258.4927673339844,-25,70
2023-03-07 12:00:00,255.77267456054688,-25,70
2023-03-08 12:00:00,257.8407287597656,-25,70
2023-03-09 12:00:00,258.0050354003906,-25,70
2023-03-10 12:00:00,250.44680786132812,-25,70
2023-03-11 12:00:00,249.47023010253906,-25,70
2023-03-12 12:00:00,252.42527770996094,-25,70
2023-03-13 12:00:00,251.072265625,-25,70
2023-03-14 12:00:00,248.8988037109375,-25,70
2023-03-15 12:00:00,252.74185180664062,-25,70
2023-03-16 12:00:00,256.3359375,-25,70
2023-03-17 12:00:00,257.18798828125,-25,70
2023-03-18 12:00:00,251.95875549316406,-25,70
2023-03-19 12:00:00,253.42694091796875,-25,70
2023-03-20 12:00:00,254.1607208251953,-25,70
2023-03-21 12:00:00,253.0697021484375,-25,70
2023-03-22 12:00:00,254.07334899902344,-25,70
2023-03-23 12:00:00,254.3284454345703,-25,70
2023-03-24 12:00:00,255.41015625,-25,70
2023-03-25 12:00:00,253.23521423339844,-25,70
2023-03-26 12:00:00,254.44700622558594,-25,70
2023-03-27 12:00:00,253.61953735351562,-25,70
2023-03-28 12:00:00,252.88670349121094,-25,70
2023-03-29 12:00:00,256.6560974121094,-25,70
2023-03-30 12:00:00,258.4611511230469,-25,70
2023-03-31 12:00:00,260.55499267578125,-25,70
2023-04-01 12:00:00,263.3684387207031,-25,70
2023-04-02 12:00:00,262.86724853515625,-25,70
2023-04-03 12:00:00,260.59527587890625,-25,70
2023-04-04 12:00:00,259.3426513671875,-25,70
2023-04-05 12:00:00,262.6826477050781,-25,70
2023-04-06 12:00:00,259.6628723144531,-25,70
2023-04-07 12:00:00,259.4466552734375,-25,70
2023-04-08 12:00:00,264.980224609375,-25,70
2023-04-09 12:00:00,269.22747802734375,-25,70
2023-04-10 12:00:00,269.1579284667969,-25,70
2023-04-11 12:00:00,269.9456481933594,-25,70
2023-04-12 12:00:00,268.0115966796875,-25,70
2023-04-13 12:00:00,269.1414489746094,-25,70
2023-04-14 12:00:00,267.1466979980469,-25,70
2023-04-15 12:00:00,267.10870361328125,-25,70
2023-04-16 12:00:00,266.0283508300781,-25,70
2023-04-17 12:00:00,266.5196228027344,-25,70
2023-04-18 12:00:00,268.3831787109375,-25,70
2023-04-19 12:00:00,271.82830810546875,-25,70
2023-04-20 12:00:00,266.71636962890625,-25,70
2023-04-21 12:00:00,262.1625671386719,-25,70
2023-04-22 12:00:00,263.6980285644531,-25,70
2023-04-23 12:00:00,265.6109619140625,-25,70
2023-04-24 12:00:00,263.8183288574219,-25,70
2023-04-25 12:00:00,261.73736572265625,-25,70
2023-04-26 12:00:00,261.4702453613281,-25,70
2023-04-27 12:00:00,260.9237976074219,-25,70
2023-04-28 12:00:00,259.9961853027344,-25,70
2023-04-29 12:00:00,261.988525390625,-25,70
2023-04-30 12:00:00,264.6031188964844,-25,70
2023-05-01 12:00:00,265.6693420410156,-25,70
2023-05-02 12:00:00,265.2467041015625,-25,70
2023-05-03 12:00:00,264.7966613769531,-25,70
2023-05-04 12:00:00,265.3395690917969,-25,70
2023-05-05 12:00:00,266.0677795410156,-25,70
2023-05-06 12:00:00,265.6829833984375,-25,70
2023-05-07 12:00:00,267.7253723144531,-25,70
2023-05-08 12:00:00,271.3059387207031,-25,70
2023-05-09 12:00:00,270.67425537109375,-25,70
2023-05-10 12:00:00,268.73004150390625,-25,70
2023-05-11 12:00:00,267.4668273925781,-25,70
2023-05-12 12:00:00,268.97314453125,-25,70
2023-05-13 12:00:00,267.3785400390625,-25,70
2023-05-14 12:00:00,264.54071044921875,-25,70
2023-05-15 12:00:00,262.35638427734375,-25,70
2023-05-16 12:00:00,265.3267822265625,-25,70
2023-05-17 12:00:00,269.6876220703125,-25,70
2023-05-18 12:00:00,269.1386413574219,-25,70
2023-05-19 12:00:00,269.39801025390625,-25,70
2023-05-20 12:00:00,268.5411682128906,-25,70
2023-05-21 12:00:00,267.6308288574219,-25,70
2023-05-22 12:00:00,267.202392578125,-25,70
2023-05-23 12:00:00,266.32568359375,-25,70
2023-05-24 12:00:00,266.0906982421875,-25,70
2023-05-25 12:00:00,266.6318359375,-25,70
2023-05-26 12:00:00,265.8816833496094,-25,70
2023-05-27 12:00:00,267.8055114746094,-25,70
2023-05-28 12:00:00,268.9310607910156,-25,70
2023-05-29 12:00:00,269.4949645996094,-25,70
2023-05-30 12:00:00,269.4954833984375,-25,70
2023-05-31 12:00:00,274.296142578125,-25,70
2023-06-01 12:00:00,275.5581970214844,-25,70
2023-06-02 12:00:00,271.9533386230469,-25,70
2023-06-03 12:00:00,271.34100341796875,-25,70
2023-06-04 12:00:00,268.83538818359375,-25,70
2023-06-05 12:00:00,270.8879089355469,-25,70
2023-06-06 12:00:00,271.9203186035156,-25,70
2023-06-07 12:00:00,270.5631103515625,-25,70
2023-06-08 12:00:00,269.98699951171875,-25,70
2023-06-09 12:00:00,270.2369689941406,-25,70
2023-06-10 12:00:00,269.41973876953125,-25,70
2023-06-11 12:00:00,273.7107238769531,-25,70
2023-06-12 12:00:00,275.14013671875,-25,70
2023-06-13 12:00:00,275.1475830078125,-25,70
2023-06-14 12:00:00,276.008056640625,-25,70
2023-06-15 12:00:00,275.8692626953125,-25,70
2023-06-16 12:00:00,275.1806640625,-25,70
2023-06-17 12:00:00,271.85198974609375,-25,70
2023-06-18 12:00:00,270.4728088378906,-25,70
2023-06-19 12:00:00,271.1153564453125,-25,70
2023-06-20 12:00:00,271.59991455078125,-25,70
2023-06-21 12:00:00,271.8268127441406,-25,70
2023-06-22 12:00:00,272.99951171875,-25,70
2023-06-23 12:00:00,275.7751159667969,-25,70
2023-06-24 12:00:00,276.24395751953125,-25,70
2023-06-25 12:00:00,277.0751647949219,-25,70
2023-06-26 12:00:00,275.7655944824219,-25,70
2023-06-27 12:00:00,275.3392639160156,-25,70
2023-06-28 12:00:00,275.0794677734375,-25,70
2023-06-29 12:00:00,275.3033447265625,-25,70
2023-06-30 12:00:00,274.65130615234375,-25,70
2023-07-01 12:00:00,274.38482666015625,-25,70
2023-07-02 12:00:00,275.28802490234375,-25,70
2023-07-03 12:00:00,278.22979736328125,-25,70
2023-07-04 12:00:00,277.52606201171875,-25,70
2023-07-05 12:00:00,276.4673156738281,-25,70
2023-07-06 12:00:00,276.3777770996094,-25,70
2023-07-07 12:00:00,277.1954040527344,-25,70
2023-07-08 12:00:00,277.0244140625,-25,70
2023-07-09 12:00:00,277.60791015625,-25,70
2023-07-10 12:00:00,276.079833984375,-25,70
2023-07-11 12:00:00,276.1172790527344,-25,70
2023-07-12 12:00:00,275.11700439453125,-25,70
2023-07-13 12:00:00,276.23846435546875,-25,70
2023-07-14 12:00:00,276.62225341796875,-25,70
2023-07-15 12:00:00,276.38714599609375,-25,70
2023-07-16 12:00:00,275.71551513671875,-25,70
2023-07-17 12:00:00,275.6947021484375,-25,70
2023-07-18 12:00:00,275.1780700683594,-25,70
2023-07-19 12:00:00,275.0600280761719,-25,70
2023-07-20 12:00:00,275.18438720703125,-25,70
2023-07-21 12:00:00,275.09228515625,-25,70
2023-07-22 12:00:00,275.8774108886719,-25,70
2023-07-23 12:00:00,275.76324462890625,-25,70
2023-07-24 12:00:00,275.2306213378906,-25,70
2023-07-25 12:00:00,274.925537109375,-25,70
2023-07-26 12:00:00,275.26220703125,-25,70
2023-07-27 12:00:00,275.5534362792969,-25,70
2023-07-28 12:00:00,275.7762451171875,-25,70
2023-07-29 12:00:00,276.89892578125,-25,70
2023-07-30 12:00:00,276.4674987792969,-25,70
2023-07-31 12:00:00,276.3470764160156,-25,70
2023-08-01 12:00:00,277.2004699707031,-25,70
2023-08-02 12:00:00,275.8103332519531,-25,70
2023-08-03 12:00:00,276.2933044433594,-25,70
2023-08-04 12:00:00,275.8056945800781,-25,70
2023-08-05 12:00:00,274.9670104980469,-25,70
2023-08-06 12:00:00,276.28546142578125,-25,70
2023-08-07 12:00:00,276.2008972167969,-25,70
2023-08-08 12:00:00,276.0543518066406,-25,70
2023-08-09 12:00:00,276.0034484863281,-25,70
2023-08-10 12:00:00,275.7222900390625,-25,70
2023-08-11 12:00:00,275.8876037597656,-25,70
2023-08-12 12:00:00,277.19329833984375,-25,70
2023-08-13 12:00:00,276.9193420410156,-25,70
2023-08-14 12:00:00,277.1376647949219,-25,70
2023-08-15 12:00:00,275.5467529296875,-25,70
2023-08-16 12:00:00,274.2134094238281,-25,70
2023-08-17 12:00:00,274.39056396484375,-25,70
2023-08-18 12:00:00,275.0133361816406,-25,70
2023-08-19 12:00:00,275.410888671875,-25,70
2023-08-20 12:00:00,275.32562255859375,-25,70
2023-08-21 12:00:00,276.17816162109375,-25,70
2023-08-22 12:00:00,279.8826599121094,-25,70
2023-08-23 12:00:00,281.2734680175781,-25,70
2023-08-24 12:00:00,281.8388977050781,-25,70
2023-08-25 12:00:00,278.8016052246094,-25,70
2023-08-26 12:00:00,276.92376708984375,-25,70
2023-08-27 12:00:00,275.3948059082031,-25,70
2023-08-28 12:00:00,275.4550476074219,-25,70
2023-08-29 12:00:00,275.33990478515625,-25,70
2023-08-30 12:00:00,277.20550537109375,-25,70
2023-08-31 12:00:00,274.47076416015625,-25,70
2023-09-01 12:00:00,274.65789794921875,-25,70
2023-09-02 12:00:00,273.3945007324219,-25,70
2023-09-03 12:00:00,273.62109375,-25,70
2023-09-04 12:00:00,273.50604248046875,-25,70
2023-09-05 12:00:00,274.0482482910156,-25,70
2023-09-06 12:00:00,274.8855895996094,-25,70
2023-09-07 12:00:00,272.5221862792969,-25,70
2023-09-08 12:00:00,271.5885009765625,-25,70
2023-09-09 12:00:00,271.28643798828125,-25,70
2023-09-10 12:00:00,270.48980712890625,-25,70
2023-09-11 12:00:00,270.5096740722656,-25,70
2023-09-12 12:00:00,269.7911376953125,-25,70
2023-09-13 12:00:00,269.8414306640625,-25,70
2023-09-14 12:00:00,269.4871826171875,-25,70
2023-09-15 12:00:00,268.888427734375,-25,70
2023-09-16 12:00:00,268.1886901855469,-25,70
2023-09-17 12:00:00,270.60955810546875,-25,70
2023-09-18 12:00:00,270.9046325683594,-25,70
2023-09-19 12:00:00,270.20660400390625,-25,70
2023-09-20 12:00:00,267.9195861816406,-25,70
2023-09-21 12:00:00,265.4728698730469,-25,70
2023-09-22 12:00:00,266.3186340332031,-25,70
2023-09-23 12:00:00,265.0611267089844,-25,70
2023-09-24 12:00:00,265.52655029296875,-25,70
2023-09-25 12:00:00,266.5221862792969,-25,70
2023-09-26 12:00:00,266.6430358886719,-25,70
2023-09-27 12:00:00,266.4228210449219,-25,70
2023-09-28 12:00:00,265.8013000488281,-25,70
2023-09-29 12:00:00,265.9874267578125,-25,70
2023-09-30 12:00:00,265.17547607421875,-25,70
2023-10-01 12:00:00,263.72674560546875,-25,70
2023-10-02 12:00:00,265.0289306640625,-25,70
2023-10-03 12:00:00,265.70721435546875,-25,70
2023-10-04 12:00:00,262.2729187011719,-25,70
2023-10-05 12:00:00,262.9921569824219,-25,70
2023-10-06 12:00:00,264.1208190917969,-25,70
2023-10-07 12:00:00,266.30828857421875,-25,70
2023-10-08 12:00:00,266.9215087890625,-25,70
2023-10-09 12:00:00,264.8043518066406,-25,70
2023-10-10 12:00:00,267.11968994140625,-25,70
2023-10-11 12:00:00,265.004150390625,-25,70
2023-10-12 12:00:00,263.17266845703125,-25,70
2023-10-13 12:00:00,260.8653564453125,-25,70
2023-10-14 12:00:00,262.3751525878906,-25,70
2023-10-15 12:00:00,261.77581787109375,-25,70
2023-10-16 12:00:00,260.4923400878906,-25,70
2023-10-17 12:00:00,262.47894287109375,-25,70
2023-10-18 12:00:00,268.0521240234375,-25,70
2023-10-19 12:00:00,270.2493591308594,-25,70
2023-10-20 12:00:00,268.9601135253906,-25,70
2023-10-21 12:00:00,268.9729919433594,-25,70
2023-10-22 12:00:00,267.9233703613281,-25,70
2023-10-23 12:00:00,268.14410400390625,-25,70
2023-10-24 12:00:00,267.4935607910156,-25,70
2023-10-25 12:00:00,265.5418395996094,-25,70
2023-10-26 12:00:00,265.079345703125,-25,70
2023-10-27 12:00:00,263.9967041015625,-25,70
2023-10-28 12:00:00,266.71771240234375,-25,70
2023-10-29 12:00:00,264.60284423828125,-25,70
2023-10-30 12:00:00,264.578369140625,-25,70
2023-10-31 12:00:00,263.8668518066406,-25,70
2023-11-01 12:00:00,262.3554382324219,-25,70
2023-11-02 12:00:00,261.3613586425781,-25,70
2023-11-03 12:00:00,259.4908142089844,-25,70
2023-11-04 12:00:00,256.988525390625,-25,70
2023-11-05 12:00:00,256.3323669433594,-25,70
2023-11-06 12:00:00,255.8174285888672,-25,70
2023-11-07 12:00:00,259.5533447265625,-25,70
2023-11-08 12:00:00,260.20025634765625,-25,70
2023-11-09 12:00:00,261.4210510253906,-25,70
2023-11-10 12:00:00,260.1109924316406,-25,70
2023-11-11 12:00:00,256.9766845703125,-25,70
2023-11-12 12:00:00,258.47161865234375,-25,70
2023-11-13 12:00:00,263.30859375,-25,70
2023-11-14 12:00:00,262.30596923828125,-25,70
2023-11-15 12:00:00,262.857177734375,-25,70
2023-11-16 12:00:00,261.13134765625,-25,70
2023-11-17 12:00:00,262.1044921875,-25,70
2023-11-18 12:00:00,262.28765869140625,-25,70
2023-11-19 12:00:00,262.84405517578125,-25,70
2023-11-20 12:00:00,262.9449462890625,-25,70
2023-11-21 12:00:00,264.91571044921875,-25,70
2023-11-22 12:00:00,256.2557678222656,-25,70
2023-11-23 12:00:00,258.3667297363281,-25,70
2023-11-24 12:00:00,265.5405578613281,-25,70
2023-11-25 12:00:00,267.2863464355469,-25,70
2023-11-26 12:00:00,269.1231689453125,-25,70
2023-11-27 12:00:00,267.927734375,-25,70
2023-11-28 12:00:00,261.87274169921875,-25,70
2023-11-29 12:00:00,262.70709228515625,-25,70
2023-11-30 12:00:00,259.1703186035156,-25,70
2023-12-01 12:00:00,261.5274353027344,-25,70
2023-12-02 12:00:00,263.64593505859375,-25,70
2023-12-03 12:00:00,260.0469970703125,-25,70
2023-12-04 12:00:00,262.1211242675781,-25,70
2023-12-05 12:00:00,261.2486877441406,-25,70
2023-12-06 12:00:00,255.8556671142578,-25,70
2023-12-07 12:00:00,255.342529296875,-25,70
2023-12-08 12:00:00,259.14111328125,-25,70
2023-12-09 12:00:00,257.9639587402344,-25,70
2023-12-10 12:00:00,257.9434814453125,-25,70
2023-12-11 12:00:00,256.6616516113281,-25,70
2023-12-12 12:00:00,258.96240234375,-25,70
2023-12-13 12:00:00,263.47772216796875,-25,70
2023-12-14 12:00:00,261.18817138671875,-25,70
2023-12-15 12:00:00,261.4591979980469,-25,70
2023-12-16 12:00:00,258.1211853027344,-25,70
2023-12-17 12:00:00,259.53509521484375,-25,70
2023-12-18 12:00:00,255.08009338378906,-25,70
2023-12-19 12:00:00,250.2488555908203,-25,70
2023-12-20 12:00:00,250.27914428710938,-25,70
2023-12-21 12:00:00,251.28775024414062,-25,70
2023-12-22 12:00:00,255.10914611816406,-25,70
2023-12-23 12:00:00,252.67166137695312,-25,70
2023-12-24 12:00:00,256.33111572265625,-25,70
2023-12-25 12:00:00,257.1244812011719,-25,70
2023-12-26 12:00:00,252.53610229492188,-25,70
2023-12-27 12:00:00,250.48443603515625,-25,70
2023-12-28 12:00:00,250.23321533203125,-25,70
2023-12-29 12:00:00,247.9126739501953,-25,70
2023-12-30 12:00:00,250.79261779785156,-25,70
2023-12-31 12:00:00,257.299072265625,-25,70
